Nodo,Distancia_Promedio,Caminos_Validos
10024438,0.0,1
10108835,0.0,1
10155107,0.0,1
10165540,0.3067,3
10177684,0.8132,19
10203002,0.0,1
10211804,0.25,2
10213396,0.0,1
10214541,0.0,1
10224780,0.46,4
10226197,0.0,1
10226617,0.44,3
10248283,0.9717,6
10261631,0.8597,29
10271797,1.4633,81
10273208,0.5875,16
10273408,0.245,2
10287345,0.0,1
10308422,1.1229,48
10313167,0.0,1
10319661,0.0,1
10326253,0.0,1
10339738,0.0,1
10339760,0.0,1
10343376,0.5673,11
10343638,0.0,1
10344286,0.0,1
10379487,0.0,1
10391244,0.6913,23
10394624,0.0,1
10395092,0.6574,19
10397917,0.975,6
10398283,0.9788,8
10398319,0.3767,6
10405700,0.0,1
10411754,1.3941,49
10413786,0.0,1
10420820,0.235,2
10422003,0.0,1
10424297,0.984,10
10425564,0.0,1
10427798,0.0,1
10433140,0.25,2
10436771,1.4221,82
10443386,1.0235,17
10444988,0.0,1
10456106,0.0,1
10456172,0.0,1
10459661,0.745,16
10463245,0.696,5
10463265,0.0,1
10467441,0.0,1
10467477,0.3875,12
10467765,0.0,1
10469101,0.0,1
10474169,0.4767,3
10474179,0.235,2
10478883,0.0,1
10479205,0.7529,17
10487038,0.0,1
10487259,0.8382,17
10492675,0.0,1
10492688,0.0,1
10494544,0.13,2
10495995,0.0,1
10499656,0.0,1
10499744,0.0,1
10499754,0.0,1
10500140,0.0,1
10500605,0.9371,7
10500608,0.0,1
10500634,0.0,1
10502065,0.0,1
10504110,0.0,1
10505530,0.0,1
10507034,0.225,2
10510042,0.0,1
10510784,0.0,1
10511242,0.0,1
10517484,0.4967,3
10518103,0.0,1
10520824,0.6025,4
10525933,0.3814,7
10527283,0.0,1
10528244,0.0,1
10531039,0.75,5
10532824,0.0,1
10541846,0.22,2
10543745,0.205,2
10544050,0.0,1
10544998,0.0,1
10546497,0.0,1
10548653,0.9767,6
10549672,0.3233,3
10550620,0.0,1
10551017,0.0,1
10552807,0.0,1
10553643,0.0,1
10555960,0.0,1
10557650,0.6759,17
10557693,0.4233,3
10558738,0.0,1
10560368,0.0,1
10564292,0.0,1
10565699,0.0,1
10565860,0.0,1
10565946,0.0,1
10569253,0.0,1
10569447,0.0,1
10569536,0.0,1
10569779,0.0,1
10570029,0.0,1
10571334,0.2933,3
10577712,0.0,1
10578328,0.33,3
10578567,0.0,1
10578716,0.0,1
10578776,0.165,2
10578809,0.225,2
10578820,0.6814,7
10578869,0.0,1
10578883,0.0,1
10581394,0.0,1
10582937,0.245,2
10582940,0.0,1
10583155,0.0,1
10586630,0.0,1
10588790,0.25,2
10589404,0.0,1
10589741,0.155,2
10590337,0.0,1
10597022,0.125,2
10598766,0.4575,4
10600856,0.0,1
10601396,0.0,1
10604531,0.0,1
10604929,0.0,1
10605005,0.0,1
10608135,0.37,4
10612049,0.0,1
10620290,0.0,1
10620975,0.0,1
10621076,0.0,1
10622951,0.3775,4
10623292,0.0,1
10623397,0.7037,24
10624626,0.0,1
10624638,0.0,1
10628741,0.0,1
10629211,0.0,1
10632118,0.0,1
10632698,0.0,1
10634792,0.608,5
10638808,0.0,1
10641192,0.0,1
10645267,0.0,1
10648793,0.0,1
10649569,0.0,1
10649965,0.0,1
10653003,0.0,1
10654427,0.0,1
10654438,0.0,1
10663042,0.0,1
10663228,0.0,1
10664217,0.0,1
10670531,0.215,2
10673710,0.0,1
10674412,0.5367,6
10674631,0.0,1
10675839,0.8208,13
10675953,0.0,1
10677615,0.7426,23
10679114,0.0,1
10679411,0.245,2
10679470,0.0,1
10680417,0.0,1
10680463,0.0,1
10685204,0.0,1
10685560,0.0,1
10685655,0.25,2
10690724,0.725,10
10691972,0.0,1
10695049,0.0,1
10697452,0.0,1
10700887,1.1512,109
10701197,0.0,1
10702085,0.0,1
10707288,0.0,1
10707467,0.0,1
10711176,0.9463,19
10714278,0.0,1
10716821,0.525,10
10717541,0.0,1
10726950,0.59,4
10731519,0.7467,24
10731522,0.9,9
10733560,0.145,2
10734572,0.577,27
10736352,0.0,1
10736831,0.0,1
10737556,0.0,1
10737579,0.175,2
10739224,0.0,1
10740122,0.0,1
10741588,0.0,1
10741849,0.0,1
10742321,0.0,1
10746465,0.0,1
10747947,0.0,1
10749224,0.0,1
10750041,0.0,1
10750354,0.0,1
10751586,0.0,1
10752552,0.4967,3
10756505,0.0,1
10757102,0.0,1
10758970,0.0,1
10760469,0.0,1
10760491,0.0,1
10760992,0.0,1
10761124,0.0,1
10763116,0.25,2
10763766,0.0,1
10765179,1.0156,25
10765263,0.0,1
10765939,0.3075,4
10766746,0.0,1
10770582,0.0,1
10771226,0.225,2
10771351,0.7058,19
10772243,0.0,1
10772832,0.0,1
10773301,0.0,1
10773519,0.0,1
10773553,0.696,5
10773564,0.16,2
10774526,0.0,1
10774819,0.0,1
10776725,0.6412,8
10778265,0.2567,3
10778271,0.0,1
10778718,0.0,1
10778845,0.0,1
10778876,0.0,1
10779525,0.2,2
10780796,0.0,1
10780832,0.0,1
10781964,0.225,2
10784408,0.0,1
10785562,0.0,1
10787098,0.4475,4
10787256,0.0,1
10788265,0.0,1
10788633,0.0,1
10792854,0.0,1
10794416,0.0,1
10794691,0.0,1
10795392,0.0,1
10795598,0.0,1
10796552,0.0,1
10800008,0.0,1
10800301,0.0,1
10805663,0.245,2
10807235,0.0,1
10810272,0.0,1
10811919,0.0,1
10812716,0.0,1
10812917,0.0,1
10812969,0.0,1
10813003,0.0,1
10813420,0.22,2
10818183,0.245,2
10818854,0.0,1
10819557,0.0,1
10820384,0.0,1
10820388,0.0,1
10820415,0.0,1
10820435,0.0,1
10823621,0.672,25
10823634,0.55,4
10829829,0.0,1
10830556,0.33,3
10832073,0.235,2
10832463,0.0,1
10833969,0.0,1
10834348,0.0,1
10834365,0.0,1
10834386,0.0,1
10835146,0.0,1
10836374,0.448,5
10836399,0.0,1
10836648,0.19,2
10836655,0.0,1
10837206,0.0,1
10837215,0.68,5
10837655,0.0,1
10837663,0.435,4
10838708,0.0,1
10838918,0.0,1
10839314,0.0,1
10841633,0.0,1
10843491,0.0,1
10843672,0.0,1
10843783,0.0,1
10843801,0.0,1
10845876,0.3167,3
10849404,0.25,2
10849533,0.0,1
10850944,0.0,1
10851649,0.0,1
10852474,0.0,1
10853439,0.9435,145
10854904,0.0,1
10854935,0.0,1
10854936,0.3867,9
10857645,0.0,1
10858454,0.0,1
10864040,1.4467,124
10864467,0.0,1
10867014,0.4427,11
10867065,0.2,2
10867340,0.2833,3
10867401,0.0,1
10867936,0.5619,31
10867980,0.0,1
10868064,0.235,2
10868753,0.8975,8
10868958,0.24,2
10869172,0.577,33
10870136,0.0,1
10870282,0.0,1
10872721,0.0,1
10873078,0.6314,7
10874155,0.0,1
10874203,0.0,1
10876168,0.0,1
10878212,0.0,1
10878987,0.24,2
10879118,0.0,1
10880519,0.0,1
10880521,0.0,1
10880522,0.0,1
10880524,0.0,1
10880526,0.0,1
10880530,0.0,1
10880571,0.0,1
10880572,0.0,1
10880573,0.0,1
10880574,0.0,1
10880576,0.0,1
10880579,0.0,1
10880580,0.0,1
10880581,0.0,1
10880587,0.0,1
10880588,0.165,2
10880591,0.0,1
10880592,0.0,1
10880595,0.0,1
10880597,0.0,1
10880598,0.0,1
10880600,0.0,1
10880604,0.22,3
10880605,0.0,1
10880606,0.0,1
10880607,0.0,1
10880611,0.0,1
10880614,0.0,1
10880615,0.0,1
10880618,0.0,1
10880623,0.0,1
10880799,0.21,2
10883800,0.0,1
10883968,0.0,1
10884286,0.31,3
10884737,0.0,1
10884873,0.0,1
10885472,0.4675,4
10885478,0.25,2
10886920,0.0,1
10887298,0.24,2
10891258,0.0,1
10891474,0.3133,3
10891534,0.24,2
10892184,0.235,2
10892857,0.0,1
10893017,0.0,1
10893333,0.25,2
10893452,0.0,1
10893560,0.51,8
10893855,0.0,1
10895089,0.0,1
10895489,0.0,1
10897884,0.0,1
10897993,0.0,1
10900880,0.0,1
10901620,0.215,2
10902892,0.0,1
10904414,0.25,2
10905127,0.21,2
10905382,0.24,2
10906408,0.0,1
10909100,0.0,1
10909109,0.0,1
10910510,0.32,3
10911663,0.7785,27
10914961,0.0,1
10918869,0.0,1
10919160,0.25,2
10923796,0.0,1
10923822,0.0,1
10927855,0.0,1
10930297,0.0,1
10930668,0.245,2
10931029,0.0,1
10932698,0.21,2
10934748,0.0,1
10935137,0.0,1
10935297,0.0,1
10935498,0.205,2
10935509,0.829,21
10935955,0.0,1
10937266,0.0,1
10937960,0.0,1
10938303,0.0,1
10938977,0.0,1
10940335,0.0,1
10944752,0.0,1
10946195,0.0,1
10947002,0.0,1
10948355,0.6025,4
10949740,0.115,2
10950051,0.0,1
10950505,0.0,1
10950597,0.0,1
10950624,0.0,1
10950770,0.0,1
10950957,0.245,2
10951201,0.0,1
10951261,0.0,1
10951343,0.3275,4
10951346,0.25,2
10951356,0.654,5
10952291,0.165,2
10952339,1.4056,77
10952353,0.7775,8
10952393,0.5333,6
10952707,0.4933,3
10952743,0.8727,198
10952786,0.37,4
10952823,1.3556,199
10953050,1.7691,202
10953086,1.328,203
10953124,1.3202,204
10953250,1.3206,206
10953253,0.7689,9
10953304,0.235,2
10955020,1.7449,204
10955732,0.0,1
10955772,0.0,1
10956736,0.0,1
10956926,0.245,2
10959222,0.0,1
10959369,0.0,1
10959647,0.245,2
10960226,0.105,2
10961802,1.4122,114
10965478,0.245,2
10965479,0.2867,3
10965579,0.0,1
10965580,0.0,1
10967257,0.0,1
10967260,0.215,2
10967977,0.245,2
10968966,0.0,1
10971921,0.0,1
10972692,0.0,1
10972721,0.0,1
10972765,0.0,1
10973296,0.0,1
10973551,0.445,8
10974726,0.0,1
10975957,0.0,1
10976022,0.0,1
10976085,0.3933,6
10976186,0.31,3
10976960,0.0,1
10978321,0.245,2
10979259,0.245,2
10980410,0.0,1
10981398,0.0,1
10981419,0.0,1
10982676,0.0,1
10985115,0.0,1
10986788,0.0,1
10986914,0.24,2
10987499,0.0,1
10989928,0.0,1
10990238,0.0,1
10990542,0.4133,6
10991506,0.5289,9
10993654,0.0,1
10994352,0.0,1
10994811,0.0,1
10994814,0.0,1
11001127,0.0,1
11002710,0.0,1
11004431,0.3,3
11006234,0.0,1
11008109,0.0,1
11008162,0.0,1
11008283,0.0,1
11008623,0.0,1
11010332,0.0,1
11010640,0.0,1
11011822,0.0,1
11012850,0.0,1
11014920,0.0,1
11016317,0.0,1
11016321,0.0,1
11016322,0.0,1
11016386,0.0,1
11016449,0.0,1
11016455,0.0,1
11016458,0.4037,8
11016485,0.0,1
11016499,0.0,1
11016571,0.0,1
11016754,0.0,1
11017008,0.11,2
11018203,0.0,1
11021022,0.215,2
11021072,0.235,2
11022439,0.0,1
11023500,0.0,1
11024158,0.5925,4
11024606,0.0,1
11024923,0.0,1
11025021,0.0,1
11025107,0.7434,29
11027810,0.8473,22
11027812,0.4775,4
11030258,0.0,1
11030612,0.614,10
11030677,0.0,1
11031245,0.235,2
11035207,0.0,1
11035339,0.0,1
11036311,0.0,1
11036686,0.0,1
11036777,0.0,1
11037883,0.0,1
11041706,0.22,2
11045306,0.0,1
11048361,0.105,2
11048670,0.0,1
11049702,0.2475,4
11050326,0.0,1
11050614,0.0,1
11050643,0.0,1
11050669,0.0,1
11050703,0.0,1
11050709,0.0,1
11058609,0.0,1
11058807,0.0,1
11059049,0.0,1
11059637,0.0,1
11060512,0.0,1
11060533,0.0,1
11064846,0.0,1
11066262,0.0,1
11069449,0.0,1
11070597,0.0,1
11071451,0.0,1
11073781,0.0,1
11075394,0.0,1
11075458,0.0,1
11076064,0.0,1
11077819,0.0,1
11079133,0.0,1
11081103,0.0,1
11081569,0.0,1
11081956,0.0,1
11082647,0.0,1
11082656,0.0,1
11083106,0.0,1
11083758,0.36,4
11084072,0.175,2
11087702,0.6233,6
11091711,0.0,1
11091853,0.0,1
11091881,0.465,4
11091882,0.362,5
11091906,0.215,2
11091919,0.5444,9
11091925,0.0,1
11092069,0.0,1
11092194,0.0,1
11092250,0.0,1
11092252,0.0,1
11092264,0.0,1
11092267,0.0,1
11092288,0.5069,13
11098448,0.0,1
11101058,0.0,1
11104909,0.0,1
11104915,0.0,1
11106256,0.135,2
11106561,0.0,1
11106636,0.0,1
11106833,0.0,1
11106921,0.0,1
11108794,0.0,1
11112495,0.0,1
11112664,0.0,1
11113555,0.0,1
11113567,0.0,1
11113583,0.3033,3
11113619,0.24,2
11113640,0.0,1
11115738,0.0,1
11119182,0.0,1
11125750,0.0,1
11125761,0.0,1
11125865,0.0,1
11126829,0.0,1
11126836,0.0,1
11128113,0.3133,3
11129478,0.0,1
11130010,0.0,1
11131023,0.696,5
11131292,0.0,1
11131398,0.0,1
11131753,0.0,1
11131832,0.0,1
11131852,0.0,1
11132036,0.0,1
11132331,0.0,1
11134078,0.25,2
11135157,0.0,1
11136914,0.3,3
11136950,0.374,5
11136962,0.0,1
11137092,0.245,2
11137106,0.245,2
11137330,0.0,1
11138882,0.4783,6
11139922,0.0,1
11140209,0.0,1
11142896,0.2367,3
11143466,0.0,1
11147398,0.0,1
11147616,0.0,1
11149861,0.0,1
11151229,0.0,1
11151234,0.25,2
11152548,0.0,1
11152676,0.0,1
11152690,0.0,1
11152871,0.0,1
11152898,0.0,1
11152929,0.468,5
11153229,0.0,1
11154002,0.0,1
11154140,0.0,1
11156209,0.0,1
11157944,0.2833,3
11158028,0.21,2
11158054,0.5333,6
11158117,0.3575,4
11158203,0.0,1
11158292,0.0,1
11158315,0.0,1
11158359,0.4586,7
11158382,0.0,1
11158418,0.0,1
11158423,0.0,1
11158480,0.25,2
11158487,0.4357,7
11158520,0.0,1
11158547,0.0,1
11158572,0.2,2
11158705,0.352,5
11158707,0.0,1
11159184,0.0,1
11161518,0.2,2
11161799,0.0,1
11161831,0.8256,16
11163698,0.0,1
11165865,0.0,1
11166230,0.0,1
11166618,0.0,1
11166628,0.0,1
11167368,0.0,1
11172478,0.0,1
11173627,0.0,1
11173659,0.6675,8
11180800,0.0,1
11180908,0.47,4
2023100434,0.9778,69
2023225,1.4274,342
2023A5,1.4169,343
2023i,1.5678,352
2023iii,1.6071,353
2024105859,0.3094,16
2024252,1.4049,61
2024A113,1.6166,62
2024A15,1.5944,63
2024ccxlv,1.5833,64
2024e629,1.496,65
2024e777,1.4323,66
2024S154,0.8109,67
2024xxv,0.9954,68
2025117843,0.264,5
202512,0.2683,6
20253,0.2829,7
20255,0.2588,8
202588,0.2933,9
2025A1,0.297,10
2025A10,0.29,11
2025A11,0.2858,12
2025A13,0.2792,13
2025iii,0.3064,14
2025xv,0.2867,15
2026i,0.0,1
ABBARA2025105131,0.0,1
ABBAS2025101551,0.0,1
ABBAS2026103357,0.0,1
ABDALLA2025101310,0.0,1
ABDALLAH2025,0.598,5
ABDALLAH2025101866,0.0,1
ABDELMALEK20251333,0.0,1
ABDELMOTAAL2024100380,0.0,1
ABDELWAHAB2025e356,0.0,1
ABDI2025102523,0.0,1
ABDUCH2024101017,0.0,1
ABDULAZIZ2024103616,0.0,1
ABIRAFEH202587,0.0,1
ABOALAZAYEM2024607.e1,0.0,1
ABOGUNRIN2024S482,1.158,204
ABORODE20253,0.0,1
ABOUCHAAR2024674,0.0,1
ABOUELREGAL2024104288,0.0,1
ABRUSCI2025100401,0.0,1
ABUMALLOH2024104128,0.0,1
ACAR2024489,0.7308,13
ACERORUGE2025102434,0.0,1
ACETO2024103926,0.0,1
ACOSTAENRIQUEZ2024100320,0.0,1
ACUNA202564,0.0,1
ADAM2025102771,0.205,2
ADAM2025e41466,0.0,1
ADAMS2025112382,0.0,1
ADARKWAH2025102636,0.0,1
ADEIBIJOLA2025100447,0.0,1
ADENIJI2023107307,0.0,1
ADENIJI2026103354,0.0,1
ADHIKARI2025,0.0,1
ADHIKARY2025,0.0,1
ADI2025102619,0.0,1
ADON2025111274,0.0,1
AGARWAL2025100214,0.0,1
AGBO2025100266,0.0,1
AGBON2024102761,0.0,1
AGGARWAL2024S472,1.4713,205
AGGARWAL2025105653,0.0,1
AGNIHOTRI2024101032,0.0,1
AGNIHOTRI2025100681,0.0,1
AGRAWAL2024106,0.6308,12
AGRAWAL2025,0.0,1
AGUILARFARIAS2024390,0.0,1
AGUINIS2024101029,0.0,1
AGUSTI2024117377,0.0,1
AGYEMANG20252206,0.0,1
AHLGREN2025107832,0.0,1
AHMAD2025,0.0,1
AHMED20241975,1.008,208
AHMED2025660,0.0,1
AHMED2026103527,0.0,1
AJWANG20237,0.0,1
AKAKPO2025103067,0.0,1
AKAMATSU2025109585,0.0,1
AKASAKI2025170,0.0,1
AKHTAR2024101037,0.0,1
AKHTAR2024109283,0.245,2
AKKEM2024107881,0.0,1
AKRAM2025448,0.0,1
AKRAM2026102637,0.0,1
AKYON2024,0.0,1
ALADINI2025100566,0.0,1
ALANIS20253,0.0,1
ALANISRUIZ2025112856,0.0,1
ALASHJAIE2024107367,0.0,1
ALAWI2024321,0.0,1
ALBASHRAWI2025100751,0.0,1
ALBERS2024S82,1.3227,11
ALBUSAIDI2024100630,0.8458,12
ALCAIDEMARZAL2025104168,0.0,1
ALDASORO2024111814,0.0,1
ALDREABI2025100456,0.0,1
ALDUAIJ2025104565,0.0,1
ALENICHEV2023e1496,1.7149,418
ALESSANDRIBONETTI20259,0.0,1
ALEXANDER2025101416,0.19,2
ALEXANDER2026102491,0.0,1
ALFONZETTI2025e492,0.598,5
ALHASHIMI2025100509,0.0,1
ALHUR2025,0.0,1
ALHUSBAN202421,0.0,1
ALHUZAIMI2024102584,0.0,1
ALI2021100040,0.0,1
ALI2025104318,0.0,1
ALI2025166,0.0,1
ALIER2025103940,0.0,1
ALIYEV2025101006,0.0,1
ALKAABI2025,0.0,1
ALKHALAF2024104662,0.0,1
ALKHALIFAH2025111,0.0,1
ALKHATIB2024102676,0.0,1
ALLALCHERIF2025123906,0.0,1
ALLAREDDY2025491,0.0,1
ALLEN2025S64,0.6467,9
ALLEZ2025S-858,0.0,1
ALLI2024,0.165,2
ALLISON2024909,0.0,1
ALMAHAYRI2024119495,1.3581,199
ALMALKI2025,0.0,1
ALMATRAFI2025100404,0.0,1
ALMAZEEDI2025102161,0.0,1
ALMAZROUI2025100205,0.0,1
ALMESTEKAWY2024100535,0.0,1
ALMOGREN2024e31887,0.0,1
ALMOOSA2025100629,0.0,1
ALONSO2026103137,0.0,1
ALQASSAB2024104750,0.0,1
ALRUWAILI2024,0.0,1
ALSAAD2024,0.0,1
ALSAKAKER2025102382,0.0,1
ALSHAIKH2024e25361,0.0,1
ALSHARIDA2023102258,0.0,1
ALTINBILEK2025220,0.0,1
ALTORFER20251635,0.0,1
ALVAREZMARTINEZ2025108381,0.0,1
ALVAREZORTEGA2025S5,0.6744,9
ALVENTOSAMATEU2025502227,0.0,1
ALVES2025104584,0.0,1
ALWASHAH2025113802,0.0,1
AMACHER2024100587,0.7915,13
AMADEH2025,0.0,1
AMANKWAA2025106822,0.0,1
AMANKWAHAMOAH2024102759,0.0,1
AMANO2025114600,0.0,1
AMIN2025110398,0.0,1
AMIN2025147,0.14,2
AMIN2025149459,0.0,1
AMIN20252265,0.0,1
AMINIFARSANI2025101208,0.0,1
AMINOV2025254,0.0,1
AMITH2025,0.0,1
AMOS2024102163,0.0,1
AN2025105227,0.0,1
AN2025105893,0.0,1
AN2025128684,0.0,1
ANAND2025101069,0.0,1
ANAZCO2024100133,0.0,1
ANDERS2025100482,0.0,1
ANDERSEN2025102813,0.0,1
ANDERSON2025296,0.0,1
ANDERSSON2024100455,0.0,1
ANDREW20256,0.0,1
ANDRIEUX2024101032,0.0,1
ANDRISANI2025S125,0.89,6
ANNA2025105129,0.0,1
ANTHAMATTEN2024105192,0.0,1
ANTIA2025100243,0.0,1
AOKI2025100572,0.0,1
APORNVIRAT2024152359,0.0,1
APOSTOLOU2024104689,1.0704,27
APPLEBY202467,0.0,1
AQUINONUNEZ2025,0.0,1
ARAMALI2025100191,0.0,1
ARCEURRIZA2025104234,0.0,1
ARDIMENTO2025112569,0.0,1
ARFAIE2024110815,0.0,1
ARHONDITSIS2024102799,0.0,1
ARIF2025112261,0.0,1
ARISTEIDOU202421,0.0,1
ARLEGI2025103745,0.0,1
AROGUNDADE2025103321,0.0,1
AROMAA2025217,0.0,1
ARORA2022190,0.23,2
ARORA2023373,0.0,1
ARORA2023641,1.5124,344
ARORA2025683,0.0,1
ARRIBASLEAL2025502207,0.0,1
ARSEVEN2025101850,0.0,1
ARSLAN20244534,0.6217,6
ARSLAN20245027,0.5657,7
ARSLAN2025106793,0.0,1
ARSLAN2025116276,0.0,1
ARSLAN2025174,0.225,2
ARTHUR2025103008,0.25,2
ARTHUR2025108244,0.1667,3
ARVANITIS202555,0.0,1
ARYADOUST2024100204,0.0,1
ASADOLLAHPOUR2025,0.0,1
ASAOUER2026104031,0.0,1
ASHRAF2024,0.0,1
ASHRAF2024100363,0.0,1
ASKARI2025101247,0.0,1
ASKR2024112009,0.0,1
ASSAD2024677,0.0,1
ASSET2025214,0.0,1
ASSIS2025e42979,0.0,1
ATHAVALE2023100019,0.0,1
ATHE2024113526,0.0,1
ATIAS202523,0.0,1
ATKINSON2025103129,0.0,1
AUCHINCLOSS2023101476,0.0,1
AUFRICHT2025571,0.0,1
AUSTIN2025,0.0,1
AVILATHIEME2025106574,0.0,1
AVOLIO2024111131,0.0,1
AWIDI2024100226,1.258,199
AYDIN2025247,0.0,1
AYEMOWA2024100518,0.22,2
AYMON2025193,0.0,1
AYOUB2024186,1.4053,57
AYYADURAI2025862,0.0,1
AYYILDIZ2026103058,0.0,1
AZ202523,0.0,1
AZADI2024101653,0.0,1
AZADI2025122816,0.0,1
AZAP2025101394,0.0,1
AZHER2025,0.0,1
AZIZOGLU2025162359,0.0,1
AZZONE2023101841,0.0,1
BAABDULLAH2024122951,0.0,1
BAASSIRI2025103132,0.0,1
BACH2025100405,0.0,1
BADANO2025838,0.0,1
BADINI2025100275,0.0,1
BAENAPEREZ2025101972,0.0,1
BAFRANI2024122348,0.0,1
BAGENAL20241118,1.0969,51
BAGENAL20242142,1.3233,201
BAGGIO2025158,0.6345,11
BAHARMAND20251486,0.0,1
BAHIRWANI2025,0.0,1
BAI2025,0.0,1
BAI2025102962,0.0,1
BAI2025105242,0.0,1
BAI202524,0.0,1
BAIER2022325,0.0,1
BAIER2025104278,0.0,1
BAKER2024101054,1.075,211
BAKERGARDNER2025332,0.0,1
BAKULA2025,0.0,1
BALACHANDRAN2025,0.0,1
BALBI2025152605,0.0,1
BALK2024100245,0.0,1
BALKI2023,0.0,1
BALL2024105638,0.0,1
BALLARD20253039,0.0,1
BALLAS2024985,0.0,1
BALTASALVADOR2026101958,0.0,1
BANDEIRA2025,0.0,1
BANDYSZEWSKA2024105857,0.0,1
BANGARH2025120,0.0,1
BANNISTER2024173,0.0,1
BAO2023,0.0,1
BAO2025100929,0.0,1
BAO2025276,0.0,1
BAO2025328,0.0,1
BARA2025106063,0.0,1
BARAKCORREN2024128,1.3658,199
BARAKCORREN2025102242,0.0,1
BARATTA2023,0.0,1
BARBER2024428,0.0,1
BARBOSA2025104211,0.0,1
BARCAUI2023100101,0.672,5
BARENDS2025102095,0.0,1
BARKER2024A43,1.1763,212
BARRIOSBELTRAN2025103771,0.0,1
BARROSO2025501667,0.7638,8
BARTOLI2025769,0.0,1
BASARAN2025111145,0.0,1
BASER2025100546,0.0,1
BASSET2024100992,0.0,1
BASSLEER2025101520,0.0,1
BASTERRAGORTARI2025,0.0,1
BATAINEH2025,0.0,1
BATCHELLER2024543,0.5,3
BAUCON2024112027,0.0,1
BAYANI2023,0.0,1
BAYNE20231135,0.0,1
BAYRAM2025107850,0.0,1
BAZZANO2025,0.0,1
BECKER2024100100,0.921,10
BECKER2024103917,0.0,1
BECKER2024104861,0.0,1
BECKER2025101705,0.0,1
BECKMAN2025101036,0.0,1
BEG2025120538,0.0,1
BEGHETTO2025101121,1.0711,9
BEHESHTI2025333,0.696,5
BEKON2024107004,0.0,1
BELANCHE2025102954,0.0,1
BELKINA2025100407,0.0,1
BELLO2025100031,0.0,1
BELLONI202541,0.0,1
BELLORODRIGUEZ2025106470,0.0,1
BELTRAMIN2025,0.0,1
BENJAMIN2024,0.0,1
BENNETT2025103266,0.195,2
BENNETT2025103268,0.13,3
BENOIST2024107414,0.0,1
BENTHAYER2024109929,0.0,1
BENTHAYER2024110007,0.22,2
BENTZEN2025103798,0.5856,9
BERA20258735,0.71,9
BERBERSARDINHA2024100083,0.0,1
BEREZIN2025100302,0.0,1
BERGOMI2024102924,0.0,1
BERGUS2024102783,0.0,1
BERGUS2024102835,0.0,1
BERKOWITZ2024102890,0.0,1
BERLANGALLAVORI2025100663,0.0,1
BERLINSKI2024102723,0.0,1
BERTGES2025129,0.0,1
BERTHON2024461,0.0,1
BERTI2025S250,0.8343,7
BERTOMEU2025101782,0.0,1
BETZLER2023e917,1.5775,346
BEWERSDORFF2025102601,0.0,1
BEYER2025107585,0.0,1
BHATIA2025104343,0.0,1
BHATTACHARYA2024100194,0.0,1
BHATTACHARYA2025100334,0.0,1
BHATTARU20241950,0.25,2
BIAN2024104703,2.4164,56
BIAN2024111367,0.0,1
BIANCHI2024111258,0.0,1
BIANCHINI2025124303,0.0,1
BIBRI2025106826,0.0,1
BIDDLE2025569,0.0,1
BIE2025101002,0.0,1
BIGA20241489,0.0,1
BILGIHAN2024103929,0.0,1
BILLINGE20243714,1.6145,213
BINNASHWAN2025675,0.0,1
BINUSMAN2025111766,0.0,1
BIRCH2024111687,0.0,1
BIRKHOLZ2025102520,0.0,1
BIRKUN2025110680,0.0,1
BIRO2025,0.0,1
BISWAS2025450,0.0,1
BLAIQUE202441,0.0,1
BLAIR2024102890,1.5061,227
BLANCHARD20242166,0.85,11
BLAND2025,0.0,1
BLEASE2024,0.25,2
BLEASE2024115724,0.6517,6
BLEASE2025,0.0,1
BLONDEEL2025100754,0.0,1
BOARETO2025129,0.0,1
BODA2025101577,1.0478,9
BOFFA202541,0.0,1
BOFFITO2025110275,0.0,1
BOIE2025,0.0,1
BOJCIC2025,0.0,1
BOLATOV2024482,0.0,1
BOLLMANN2025107095,0.0,1
BONIFAZI2024106473,0.0,1
BONILLAALDANA2024101512,0.0,1
BONNET2025,0.68,5
BOONE2025104135,0.0,1
BORASCHI2025e233,0.0,1
BORGONOVO2025100230,0.0,1
BORJA2024109006,1.9242,233
BORROMEO2025e1002,0.0,1
BORUM20251,0.235,2
BORUTA20234021,0.0,1
BOSCO2025,0.0,1
BOSSO2024102402,0.0,1
BOUCHER2024104041,0.0,1
BOUEBDALLAH2025100984,0.0,1
BOUKHENNOUFA2025107493,0.0,1
BOULET2025103830,0.0,1
BOULTON2024,0.0,1
BOUNAB2025107142,0.0,1
BOUSQUET2025,0.0,1
BOUTER2025896,0.0,1
BOUVAREL2025203024,0.0,1
BOYD202460,0.0,1
BOZTAS2025,0.0,1
BRABCOVA2025110471,0.0,1
BRACALE2024S36,0.0,1
BRAGA2025128034,0.0,1
BRAGAZZI2024,0.0,1
BRAGAZZI2025,0.0,1
BRAHMACHARY2025129272,0.0,1
BREHME202410,0.0,1
BREITLING2025100186,0.0,1
BREWER2024525,0.9788,8
BRIAZU2024107600,0.0,1
BRICE2024101159,0.0,1
BRILL2025,0.0,1
BRIONESALVARADO2024110,0.155,2
BRIONESALVARADO202446,0.1733,3
BRIONESALVARADO2024721,0.2175,4
BRIONESALVARADO2025100428,0.0,1
BRITOZERON20252097,0.648,5
BRITOZERON2025570,0.8067,6
BROCKIE2025101245,0.0,1
BROWN2023,0.0,1
BROWN2025101913,0.0,1
BRUNS2024103790,0.0,1
BRUYNSEELS2025100126,0.0,1
BRYAN2024102846,0.0,1
BUCZYNSKI2025106111,0.0,1
BUENO2025628,0.0,1
BUGHIN2024658,0.0,1
BUGHIO20245330,0.0,1
BUHLER2025149602,0.0,1
BUI2025101392,0.0,1
BULEK2025,0.0,1
BUNDUCHI2025124095,0.0,1
BURKE2024,0.0,1
BURNS2024,0.0,1
BURNS2024100166,1.2079,212
BURNSIDE2025577,0.0,1
BUSCH2024100490,0.0,1
BUTALA2024,0.0,1
BUTLER2025103606,0.0,1
BUTORAC2025,0.0,1
BYRGE2025100105,0.0,1
BYRNE2023519,0.9684,455
BYRNE2023841,1.3107,458
BYRNE2025147,0.0,1
CAAMANOGORDILLO20251408,0.0,1
CABANILLASDIEZMADRONERO2025100488,0.0,1
CABEZAS2025716,0.0,1
CABRERALOZOYA2025,0.0,1
CACCAVALE2025100354,0.0,1
CAGNO2025107159,0.0,1
CAHYANA2024100078,0.0,1
CAI2023141,1.6128,349
CAI2025100282,0.0,1
CAI2025102587,0.0,1
CAI2025103373,0.0,1
CAI2025112459,0.0,1
CAIN2023197,0.0,1
CALDERAZZI2025549,0.0,1
CALISKAN2025102549,0.0,1
CALLARI2025266,0.0,1
CALLEFI20251480,0.0,1
CALLEJA2025237,0.0,1
CAMPBELL2025,0.0,1
CAMPELLONE2025,0.0,1
CAMPOVERDEMOLINA2026104055,0.0,1
CAMPUZANO2025,0.0,1
CANANAU2025104816,0.0,1
CANIGLIA2025107605,0.0,1
CANILLASDELREY202538,0.0,1
CANILLASDELREY2025T38,0.155,2
CANOBESQUET2024e40964,0.0,1
CANOORTIZ2024102745,0.0,1
CAO2024111484,0.0,1
CAO2024e147,1.2527,97
CAO2025,0.0,1
CAO2025101167,0.0,1
CAPSTICK2024104044,0.9509,11
CARAYANNIS2025124122,0.0,1
CARDARELLI2024250,0.0,1
CARL202491,0.0,1
CARLOS2023817,1.6953,249
CARNAT2024106067,0.0,1
CARNEIRO2025104645,0.0,1
CARPO2024100001,0.0,1
CARRETEROGOMEZ2024609,0.0,1
CARROLL2024102899,0.0,1
CASADOGARCIAHIRSCHFELD2025101124,0.0,1
CASALO2025104130,0.0,1
CASARRUBEA2024111034,0.15,2
CASARRUBEA2025114985,0.0,1
CASSIERI2025107779,0.0,1
CASTELLANO2025111,0.0,1
CASTELLANOS2025,0.0,1
CASTELLANOSREYES2025101001,0.0,1
CASTIGLIONE2024131855,0.0,1
CASTILLO2025100444,0.0,1
CATMULL2025143,0.25,2
CATTANEO2025107034,0.0,1
CECCHINI2024582,1.1242,57
CEI2024278,0.25,2
CELIKTEN20243351,0.0,1
CELIKTUTAN2024496,0.0,1
CEN202551,0.0,1
CENGIZ2025103837,0.0,1
CESCO2024105015,0.0,1
CHA2024256,0.0,1
CHAARI2025111898,0.0,1
CHACON2025424,0.0,1
CHAKRABORTY2024114737,0.0,1
CHAN2024,0.0,1
CHAN2024100114,0.3167,3
CHAN2024101395,0.8912,8
CHAN202423,0.235,2
CHAN202461,0.0,1
CHAN2025100344,0.0,1
CHAN2025101795,0.86,7
CHAN2025102733,0.0,1
CHAN2025105399,0.0,1
CHAN2025112330,0.0,1
CHAN2025112449,0.0,1
CHAN2025115276,0.8857,7
CHAN202585,0.9457,7
CHANG2024103743,0.0,1
CHANG2025,0.0,1
CHANG2025100572,0.245,2
CHANG2025116501,0.3233,3
CHANGALIMA2024101063,0.0,1
CHAO2024e35468,1.2451,61
CHARLES2025177508,0.0,1
CHARYTAN2025169,0.0,1
CHATTERJEE2023100501,0.25,2
CHATTERJEE2025469,0.0,1
CHATURVEDI2025197,0.0,1
CHATURVEDI2025245,0.18,2
CHAU2024616,0.8397,30
CHAU2024897,1.2771,231
CHAUHAN20241406,1.057,221
CHAUHAN20241802,1.1437,224
CHAUHAN20242234,1.023,226
CHAVEZCANALES2025723,0.0,1
CHEAH2025100363,0.0,1
CHEESE2025,0.0,1
CHELOFF2024S-890,1.2781,200
CHEN2023100184,0.8554,24
CHEN2023100496,0.36,4
CHEN2023103820,0.0,1
CHEN2024,0.5821,14
CHEN2024100531,0.5892,12
CHEN2024102058,0.9484,19
CHEN2024104593,0.937,20
CHEN2024104651,0.0,1
CHEN2024112113,0.586,5
CHEN2024123180,0.0,1
CHEN2024125170,0.0,1
CHEN2024125308,0.0,1
CHEN2024128837,0.0,1
CHEN2024129888,0.0,1
CHEN2024193,1.6153,207
CHEN2024519,0.0,1
CHEN2024676,0.0,1
CHEN2025,0.0,1
CHEN2025100348,0.0,1
CHEN2025101786,0.0,1
CHEN2025102413,0.0,1
CHEN2025102656,0.0,1
CHEN2025103032,0.0,1
CHEN2025103695,0.0,1
CHEN2025104281,0.0,1
CHEN2025105198,0.0,1
CHEN2025106206,0.0,1
CHEN2025106244,0.0,1
CHEN2025106756,0.0,1
CHEN2025112891,0.22,2
CHEN2025113881,0.0,1
CHEN2025119386,0.0,1
CHEN20251247,0.0,1
CHEN2025128918,0.0,1
CHEN2025131230,0.24,2
CHEN2025244,0.0,1
CHEN202537,0.0,1
CHEN2025433,0.0,1
CHEN202546,0.0,1
CHEN2026103765,0.0,1
CHENG2024104131,0.0,1
CHENG2024899,0.8288,8
CHENG2025,0.0,1
CHENG2025100374,0.0,1
CHENG2025101497,0.235,2
CHENG2025101821,0.0,1
CHENG2025104194,0.0,1
CHENG2025134134,0.0,1
CHEONG2025119,0.0,1
CHERIF2024,0.0,1
CHERNIKOVA2024108215,0.0,1
CHERREZOJEDA2025101071,0.0,1
CHERTOFF20241398,1.5224,217
CHERVENAK2023575,0.0,1
CHESDACHAI2025319,0.0,1
CHEVALIER2025,0.0,1
CHIA2025100468,0.0,1
CHIARELLO2024103002,0.0,1
CHICA2024109254,0.0,1
CHIEN2025100328,0.0,1
CHIESAESTOMBA2025,0.0,1
CHIKHALE2025e42593,0.0,1
CHIN2025124128,0.0,1
CHINENE2024114,0.0,1
CHINIVAR2025100147,0.0,1
CHIOSA2024114802,0.0,1
CHIRENJE2024623,0.0,1
CHIU2024100182,1.3079,67
CHIU2024100197,0.0,1
CHO2024107039,0.0,1
CHO2024187,0.0,1
CHO2025100317,0.0,1
CHO2025101418,1.1233,9
CHO2025103351,0.0,1
CHO2025111370,0.0,1
CHO20251193,0.0,1
CHOI2024,0.0,1
CHOI20242616,1.1867,227
CHONG2025103583,0.598,5
CHOU2025123019,0.0,1
CHOUDHARY2025114500,0.0,1
CHOUDHURY2025,0.0,1
CHOW2025177138,0.0,1
CHOWDHURY2024105975,0.0,1
CHOWDHURY2025112827,0.0,1
CHOWDHURY2025129906,0.105,2
CHRIFIALAOUI20252645,0.0,1
CHRISTENSEN2025102557,0.0,1
CHRISTIANSEN2025100440,0.0,1
CHUANG2025103846,0.0,1
CHUNG2025102723,0.0,1
CHUNG2025S-173,0.71,9
CHURCH2025539,0.0,1
CICEK2025100310,0.0,1
CICEKGUMUS2025104491,0.0,1
CIESINSKI2024230,0.0,1
CIHAROVA2024519,0.0,1
CINELLI2025,0.0,1
CISNEROSPINEDA2025179148,0.0,1
CIUDADFERNANDEZ2025108325,0.0,1
CIUREA2025198,0.0,1
CIVAI2025106192,0.0,1
CLAEYS20231,0.0,1
CLARK2024106,1.2379,58
CLARK2025,0.0,1
CLARKE2025106131,0.0,1
COELHO2025100182,0.0,1
COEN2025,0.0,1
COGNETTARIEKE2025102519,0.0,1
COHEN2024S1170,1.262,231
COHEN2025100405,0.0,1
COHEN2025111646,0.0,1
COHEN2025123462,0.0,1
COLANTONIO20253526,0.0,1
COLANTONIO20254252,0.0,1
COLBRAN2023105008,0.9972,461
COLBY2025102915,0.0,1
COLLI2025,0.0,1
COLLIE2024100224,0.4667,3
COLLIE2024100333,0.59,4
COLLIN2025100541,0.0,1
COLLINS2025,0.0,1
COLOMBARI2024109377,0.0,1
CONG2025106071,0.0,1
CONRAD2025100185,0.0,1
CONSOLI2025100431,0.0,1
CONTE2024110893,0.0,1
CONTRERAROLON20251,0.0,1
COOPMANS2025,0.0,1
COPPERSMITH2024,0.0,1
COPPOLINO2025129406,0.0,1
CORDEIRO2025111139,0.0,1
CORDELLA2024745,0.0,1
CORLATESCU2024108154,0.0,1
CORONADOMALDONADO2023e20356,0.0,1
CORTES2025,0.0,1
CORVELLO2025100456,0.0,1
COSCI2025112113,1.014,10
COSTA2025110498,0.0,1
COSTA2025233,0.0,1
COTE20241033,1.2909,230
COVVEY2025102925,0.0,1
CRAIG20241173,0.0,1
CRAWFORD2024504,0.85,11
CREELY2025101727,0.0,1
CRONIN2025100338,0.0,1
CROSTHWAITE2023100066,0.25,2
CROWLEY2025177386,0.0,1
CRUMBLY2025103129,0.696,5
CRUZ202525,0.0,1
CUAYCONG2024106730,0.0,1
CUBILLOSPINILLA2025106354,0.0,1
CUI2024100499,0.0,1
CUI2024583,0.24,2
CUI2025105163,0.0,1
CULLER2023120814,0.0,1
CUMMINGS2024102827,0.0,1
CURRIE2023868,1.4135,316
CURRIE2024119,1.2334,237
CURRIE2025103,0.0,1
CURRIE2025423,0.599,10
CURRY2024100082,0.0,1
CUSSENOT2025,0.0,1
CUSSENOT2025871,0.165,2
DACUNHA2025149623,0.0,1
DAGA2025100846,0.0,1
DAGATA2023101603,0.0,1
DAGORNO2025161909,0.0,1
DAI2023108129,0.0,1
DAI202384,0.2633,3
DAI2024,0.0,1
DAI2024100299,0.0,1
DAI2024292,0.0,1
DAI2025100019,0.0,1
DAKHAVE2024116373,0.0,1
DALALAH2023100822,0.0,1
DALFORNO2025102441,0.0,1
DALRE2024673,0.125,2
DALRE2025,0.0,1
DALVIESFAHANI2025124291,0.0,1
DANCE2025,0.0,1
DANESE2025S-850,0.0,1
DANG2024101157,0.0,1
DANG2025106125,0.0,1
DANIEL2024100168,0.681,10
DANTONI2025100564,0.0,1
DARAQEL20244,1.4384,261
DARTORA2023100789,0.0,1
DARTORA2023113569,0.0,1
DARUWALA2025,0.0,1
DARVIN2025101186,0.0,1
DARVISH2024,0.0,1
DAS2025100213,0.0,1
DAS2025102546,0.0,1
DASGUPTA2025117425,0.0,1
DAUNGSUPAWONG2024105498,0.8373,37
DAUNGSUPAWONG2024361,1.0881,266
DAUNGSUPAWONG2024364,1.2281,267
DAUNGSUPAWONG2024848,0.9298,286
DAVID2025104850,0.0,1
DAVIDGE2025109192,0.0,1
DAVILADELGADO2025463,0.0,1
DAVIS2024103896,0.0,1
DAVIS2024112507,0.0,1
DAVIS2025102673,0.0,1
DAWSON2025100238,0.0,1
DAYYANI2025104253,0.0,1
DEALBUQUERQUE2025103,0.0,1
DEAZEVEDO2025128414,0.0,1
DECARDINELSON2024108723,0.0,1
DECHAMPS2025100256,0.0,1
DEEB20241724,0.9788,8
DEFRANCISCIS20252705,0.0,1
DEIVAYANAI2025293,0.0,1
DELACRUZ2025215,0.0,1
DELCAMPOALBENDEA2025502142,0.0,1
DELKE2025101077,0.0,1
DELLOLIO2025,0.0,1
DELOMBAERDE2025100111,0.0,1
DEMATOS2025857,0.0,1
DEMIGUELRODRIGUEZ2025105232,0.0,1
DEMIR2025105787,0.0,1
DEMIREL2025101127,0.0,1
DEMIRHAN2025125,0.0,1
DEMOURAOLIVEIRA2025236,0.0,1
DEMPSEYJONES2025,0.0,1
DEMURO2025101743,0.0,1
DEMUTH2025,0.0,1
DENG2025100947,0.0,1
DENG2025103275,0.0,1
DENG2025110123,0.0,1
DENG2025118467,0.0,1
DENG2025127500,0.0,1
DENHOLM2025100842,0.0,1
DENTAMARO2025,0.0,1
DEOLE2025101058,0.235,2
DEOLIVEIRA2025100067,0.25,2
DEOLIVEIRA2025101184,0.0,1
DEPUTTERSMITS2025100492,0.0,1
DERAKHSHAN2025102114,0.0,1
DESAGE20243,0.0,1
DESIANO2025107785,0.0,1
DESMARCHELIER2025105297,0.0,1
DESOUZA2024100042,0.0,1
DETTLAFF2024126519,0.0,1
DEVILLA2024102316,0.0,1
DEVRIESGAO2025101961,0.0,1
DEWAN2025,0.0,1
DEWILDE20243,0.789,10
DEWILDE2025103454,0.0,1
DEZACRUZ2025109634,0.0,1
DHAIGUDE2025100293,0.0,1
DHAIGUDE2025100640,0.0,1
DHANDAYUTHAPANI2025,0.0,1
DHARMARATHNE2024200428,0.0,1
DHAWAN202447,1.1976,287
DHIMAN2025,0.0,1
DHUNNOO2024,0.0,1
DI2025109712,0.0,1
DIAMANTOPOULOU2025,0.0,1
DICKSON2024102276,0.0,1
DIEN2023108595,0.9256,9
DIEN2023108621,1.022,10
DIETRICH2024268,0.0,1
DIETZEL2025100011,0.0,1
DIHAN202428,0.0,1
DIMAKOU20251310,0.0,1
DIMAURO202515,0.0,1
DINAPOLI2024S2935,1.2064,287
DING2024e32996,0.25,2
DING2025100866,0.7964,11
DING2025163,0.0,1
DIPAOLO2025100710,0.0,1
DIPAOLO2025105072,0.0,1
DIRO2025103960,0.0,1
DISSANAYAKE2025101222,0.0,1
DISTEFANO2025103238,0.0,1
DITMORE2025,0.0,1
DJERBI2025111319,0.0,1
DO2025102367,0.0,1
DODSON20251,0.0,1
DODSON2025390,0.25,2
DOJA2025,0.0,1
DOLENC2024100285,0.0,1
DOLHA20243246,0.0,1
DOLLINGBOREHAM2024,0.0,1
DOMINGOCALAP2024100440,0.0,1
DOMMETT202436,0.3333,3
DONG2024102397,0.0,1
DONG2024106016,0.0,1
DONG2024116666,0.0,1
DONG2025,0.0,1
DONG2025102441,0.0,1
DONG2025102582,0.24,2
DONG2025104331,0.0,1
DONG2025110789,0.0,1
DONG2025164559,0.0,1
DONG2026103131,0.0,1
DONNELLAN2024113804,1.781,231
DOO2023877,0.0,1
DOOLAN2025101237,0.0,1
DORDEVIC2024416295,0.0,1
DORNELAS20241,0.0,1
DORON2025104272,0.0,1
DOROSKIPETKOVIC2025113866,0.0,1
DORTAGONZALEZ2024102187,0.0,1
DORTAGONZALEZ2025103062,0.0,1
DOSAJH2025102990,0.0,1
DOSSANTOS2025100970,0.0,1
DOSSANTOSESANTOS2024114546,0.0,1
DOSSING2025100030,0.0,1
DOYLE2025450,0.0,1
DRANE2025107069,0.0,1
DRESCHER2025107126,0.0,1
DRIES2025108612,0.0,1
DU2023132,0.7017,6
DU2024105401,0.0,1
DU2025110218,0.0,1
DU2025149,0.0,1
DU2025186,0.0,1
DUAN2024103151,0.0,1
DUAN2025103221,0.0,1
DUAN2025103719,0.0,1
DUAN2025489,0.0,1
DUANGSRI2025110920,0.0,1
DUARTE2024100578,0.0,1
DUBEY2024,0.0,1
DUBEY2024103689,0.0,1
DUBINSKY2025S-856,0.6744,9
DUDLEY20251145,0.0,1
DUI2025,0.0,1
DUI2025106523,0.235,2
DUIVENVOORDE2025106141,0.0,1
DUNHAM2025100205,0.0,1
DUNLOP2025102057,1.005,10
DUNN2023388,0.0,1
DUONG2023100883,0.25,2
DUONG20251024,0.0,1
DURAND2025102265,0.0,1
DURMUSSARIKAHYA2025106755,0.0,1
DUSEK2023171330,0.0,1
DUSHI2025106205,0.0,1
DUSHYANTHEN2025,0.0,1
DUTTENHEFNER2025,0.0,1
DUY2024101945,0.0,1
DWI2025100136,0.0,1
DWIVEDI2023102642,0.23,2
EBIHARA2025,0.0,1
EBNALIHARARI2025105701,0.0,1
ECHEFU2025561,0.0,1
ECHEUGWU2025455,0.0,1
ECHEVERRIA2025780,0.0,1
ECKARDT20232268,1.3384,457
ECKHARDT2025100987,0.0,1
EDGELL2024100075,0.0,1
EFTANG2023106112,0.0,1
EFTEKHAR2025102496,0.0,1
EGE2024110332,0.645,10
EGGENER2024S83,0.0,1
EGGER2025102582,0.0,1
EGHBAL202591,0.0,1
EGHRARI2024160,1.4527,100
EHMKE2025222,0.3333,3
EID2025155767,0.0,1
ELABD2025,0.0,1
ELBANNA202316,0.0,1
ELJAOUHARI2025123658,0.0,1
ELJAOUHARI2025146018,0.215,2
ELKADY2024152356,0.0,1
ELKEBIR2025183,0.0,1
ELLINGSEN2025108182,0.0,1
ELMER2025,0.0,1
ELNAGGAR2024111519,0.0,1
ELRHIOUANE2025130521,0.0,1
ELSAYED2025100757,0.0,1
ELSE202368,1.6918,438
ELYOSEPH2024,0.0,1
EMDIN2024132039,0.0,1
ENCARNACAO2025106872,0.0,1
ENGEL2025101474,0.0,1
ENRIQUEZ20246,0.0,1
ENSLIN2025265,0.0,1
EPPLER2024e85,1.8746,230
ERDIWANSYAH2025100099,0.0,1
ERFANI2026103909,0.0,1
ERIKSEN2024100016,0.8367,12
ERRAZURIZ2025101057,0.0,1
ERUKUDE2025100990,0.0,1
ESCALERAANTEZANA2025101569,0.0,1
ESCALERAANTEZANA2025101610,0.155,2
ESCORIHUELAALTABA2025121,0.0,1
ESMAEILI2024127676,0.0,1
ESPANA2025102373,0.0,1
ESPEJO2025100448,0.0,1
ESPOSITO2026112607,0.0,1
ESTEVEZ2025100796,0.0,1
ETON2025100190,0.0,1
EURICKBERING2025110760,0.0,1
FABBRI2024110972,0.0,1
FACILA2025930,0.0,1
FACON2024101719,0.0,1
FAHRNI2025100007,0.0,1
FAHRNI2025105150,0.175,2
FAKFARE2025104070,0.0,1
FALAHEE20251832,0.25,2
FALLAIS2025103841,0.0,1
FAMTA202530,0.0,1
FAN2023111153,0.0,1
FAN2024111294,0.0,1
FAN2025103934,0.0,1
FANG2024100099,0.0,1
FANG2024100632,0.0,1
FANG2024100959,0.0,1
FANG2024106230,0.0,1
FANG2024122074,0.0,1
FANG2025100254,0.0,1
FANG2025100911,0.0,1
FANG2025101300,0.0,1
FANG2025105264,0.0,1
FANGERAU2024323,0.0,1
FARBER2024,0.0,1
FARES2024S686,1.4856,208
FARMER2025103424,0.0,1
FASANO20251,0.0,1
FASANO2025101911,0.235,2
FASSIH2025105472,0.0,1
FAUGHT2025e731,0.9073,15
FAUST2023A15,1.465,404
FAUZIYAH2025107119,0.0,1
FAZEL20241741,0.0,1
FEDELE2024105986,0.0,1
FEIZHANG2025,0.0,1
FELDMAN2023336,1.1362,477
FELICETTI2024100545,0.0,1
FENG2024100090,0.25,3
FENG2024537,0.205,2
FENG2025103217,0.0,1
FENG2025104499,0.3167,3
FENWICK2023105892,0.0,1
FERNANDEZAVILA2025822,0.0,1
FERNANDEZCORDON2025,0.0,1
FERNANDEZJIMENEZ2025102479,0.0,1
FERNANDEZMARTIN2025500171,0.0,1
FERNANDEZVILLAR2024327,0.0,1
FERNANDO2025109,0.0,1
FERRARIO2024,0.21,2
FERRARIS2024100081,0.0,1
FERRARO2024100293,0.0,1
FERRARO2024549,0.0,1
FERRARO2025,0.0,1
FERREIRA2025177254,0.0,1
FERRER2025S131,0.0,1
FIEDLER2025100326,0.0,1
FIETTA2025,0.0,1
FIGUEIRAGONCALVES2025127,0.0,1
FIGUEIREDO2025,1.075,8
FIJACKO2023S172,2.0309,396
FIJACKO2024100584,0.0,1
FINI2025102568,0.0,1
FINKENBERG2024191,1.6214,238
FINNE2025107579,0.0,1
FIOCCHI2025101113,0.0,1
FIOREZI2025202624,0.0,1
FIORILLO2024100511,1.3581,199
FIRDAUS2025100490,0.0,1
FISCHER2024101081,0.0,1
FITA2025101609,0.0,1
FITZGERALD20241,0.9852,21
FLANAGAN2024e71,1.3566,201
FLANAGAN2025973,0.0,1
FLECKENSTEIN2024100209,0.0,1
FLEMING2025,0.0,1
FLEURENCE2024692,0.9657,7
FLEURENCE2025,0.696,5
FLEURENCE2025175,0.6967,6
FLORESGOUYONNET2025e152,0.0,1
FLORIDOBENITEZ2025106311,0.0,1
FLOTHER2025101236,0.0,1
FLOWERDEW20241,0.0,1
FLOYD2024104045,0.0,1
FOGARTY2024100914,0.0,1
FONG2025102414,0.0,1
FONNEGRA2025110660,0.0,1
FONT2025,0.0,1
FONTANA2024126214,0.0,1
FONTOURA2025102847,0.0,1
FOOTE2025101593,0.0,1
FORAN2024104179,0.0,1
FORCELINI2025101419,0.0,1
FORD20237229,1.4207,457
FORD2025101173,0.0,1
FORJAZ2025101075,0.0,1
FORTE2025100754,0.0,1
FORTUNOV2024151992,0.8864,11
FOSSOWAMBA2023109015,0.0,1
FOSSOWAMBA2024109131,0.25,2
FOSSOWAMBA2025103235,0.0,1
FOUNG2024100250,0.0,1
FOUNG2025100248,0.0,1
FRAILENARVAEZ2025100466,0.0,1
FRANCE2024649,0.0,1
FRASER2024517,1.6238,209
FRCERQUEIRA2024115490,0.0,1
FREDERICK20241,0.0,1
FREEMAN2025102868,0.0,1
FREISINGER2024,0.0,1
FREITASDEARAUJOFILHO2025111,0.0,1
FRUEHAUF2024102876,0.0,1
FRYER2025115881,0.0,1
FU2024,0.0,1
FU2025,0.0,1
FU2025105347,0.0,1
FU2025108692,0.0,1
FU2025115406,0.0,1
FU2025200538,0.205,2
FUCHS20242669,0.0,1
FUJITA2025136,0.0,1
FULFORD2024659,0.0,1
FUNA2025101221,0.0,1
FUNK2025,0.0,1
FURIZAL2025101882,0.0,1
FURTADO2024100086,0.0,1
FURTADO2024569,0.0,1
FUSHIMI2025107836,0.0,1
GAAB2024101376,0.0,1
GABRIEL2024101772,1.357,199
GAETA2024120050,0.0,1
GAFFINET2025104230,0.0,1
GAGNON2024103896,0.0,1
GALHOTRA2025S19,0.7038,13
GALLARDOPIZARRO20251579,0.0,1
GALLI20251,0.0,1
GALLOBUENO2024235505,0.0,1
GANGA2024127932,0.235,2
GANGAS2025100208,0.0,1
GANJOO2024,0.0,1
GANS2024111872,0.7267,12
GANT2024104829,0.0,1
GAO2024100958,0.0,1
GAO2024101012,0.23,2
GAO2024105364,0.0,1
GAO2024205221,0.0,1
GAO2025100472,0.0,1
GAO2025102907,0.7586,7
GAO2025103141,0.0,1
GAO2025104560,0.0,1
GAO2025115661,0.0,1
GAO2025116041,0.0,1
GAO2025411,0.0,1
GAO2025S152,0.0,1
GARCIACARMONA2025,0.0,1
GARCIALOPEZ2025100401,0.0,1
GARCIAPEREZ2025103303,0.0,1
GARCIAROMERO2024271,1.1481,21
GARCIASANCHEZ2025,0.0,1
GARG2024178,0.0,1
GARG2024406,1.035,10
GARG2025100380,0.0,1
GARMANNJOHNSEN2025450,0.0,1
GAROT2025668,0.0,1
GARRARD2024171282,0.0,1
GARZA2024e31144,0.0,1
GASQUE2025100101,0.0,1
GASSER20253693,0.0,1
GAULD2024,0.0,1
GAUR20261,0.0,1
GAUR2026107,0.0,1
GAUR2026197,0.21,2
GAUR2026211,0.265,4
GAUR2026227,0.312,5
GAUR2026243,0.3367,6
GAUR202639,0.3586,7
GAUR202657,0.4125,8
GAUR202675,0.3522,9
GAUR202691,0.345,10
GAUTAM2025,0.0,1
GAUTAM2025511,0.0,1
GBADAGO2023102757,0.0,1
GE20241755,0.0,1
GE20244017,0.0,1
GE2024707,1.9973,228
GEIGER2024105925,0.0,1
GENES2024S3,1.3233,232
GENES2025100031,0.0,1
GENG2024,0.0,1
GENG2024e710,0.0,1
GENSER2024552,0.0,1
GERBUTAVICIUS2024,0.0,1
GERING2025132,0.0,1
GERMANI2025,0.0,1
GERMANMORALES2025103247,0.0,1
GETAHUN2025639,0.0,1
GHANBARI2025101901,0.0,1
GHANEM2024S725,1.4604,55
GHAREHMOHAMMADI2025111980,0.0,1
GHIASVANDMOHAMMADKHANI2025107847,0.0,1
GHIMIRE2025102913,0.0,1
GHOSH20251091,0.0,1
GHOSH2025741,0.0,1
GHOTB2024122008,0.0,1
GIANNAKOPOULOS2023,0.0,1
GIFU20231058,0.0,1
GILADBACHRACH2025677,0.0,1
GILBERT2025112442,0.0,1
GILL2025119563,0.0,1
GILQUIN2025,0.0,1
GIMENES2024,0.0,1
GIORDANO2024123389,0.0,1
GIORGI2024116058,0.0,1
GIUFFRE2024S-889,1.1241,22
GIUNTI2024,0.0,1
GLASSEY202525,0.0,1
GLAZER2025,0.0,1
GLYNN2024596,0.672,5
GMITEREK2025103043,0.6433,6
GNADLINGER2024,0.0,1
GNAMBS2025108800,0.0,1
GODWIN2024101784,0.0,1
GOETZL2025604,0.0,1
GOFMAN2025S260,1.3582,11
GOH2025113968,0.0,1
GOK202432,0.0,1
GOKCE2025623,0.0,1
GOKMEN2025501860,0.0,1
GOLABANDRZEJAK20241790,0.0,1
GOLDEN2024,0.0,1
GOLDIE2025,0.0,1
GOLLER2025102746,0.0,1
GOMES2025A39,0.8395,19
GOMEZPERALTA2023108553,0.0,1
GONG2024101641,0.0,1
GONG2025101309,0.0,1
GONG2025102581,0.0,1
GONG2026103733,0.0,1
GONZALEZ2024941,0.0,1
GONZALEZANTA2026346,0.0,1
GONZALEZGARCIA2025e41559,0.0,1
GONZALEZMARTINMORO2024574,0.25,2
GOODMAN202421,1.4219,110
GOODMAN20251260,0.0,1
GOODWIN2024114231,0.0,1
GOPARAJU2024651,0.0,1
GORMAN2025A19,0.915,20
GOROSPE2025106968,0.0,1
GOROSPE20251069930,0.105,2
GOROSPE2025448,0.2575,4
GOROSPE2025510,0.352,5
GOSAK2024103888,0.0,1
GOSWAMI202339163,0.0,1
GOTLIEB20242000,0.0,1
GOU2024105731,0.2367,3
GOU2025105811,0.0,1
GOU2025174015,0.0,1
GOULART2025105349,0.0,1
GRAHAM2024101367,0.0,1
GREENE2025101949,0.0,1
GREGORI2025106516,0.0,1
GREGORY2024106349,0.0,1
GREGORY20242155,0.0,1
GRIFFITH2024AB91,0.0,1
GRINFEDER2025113882,0.0,1
GROSS2024R709,1.2141,270
GROSSMAN2023108589,0.0,1
GROVER2025,0.0,1
GROVES2025101103,0.0,1
GROVES2025102420,0.7329,14
GROZA2025100057,0.0,1
GROZA20251158,0.24,2
GU2025,0.0,1
GU2025133479,0.0,1
GU20259,0.0,1
GUAN2024100323,0.0,1
GUAN2025,0.0,1
GUAN2025105362,0.0,1
GUARRASI2024110825,0.0,1
GUDEPU2025111237,0.0,1
GUERRATORRES2025S740,0.0,1
GUEVARA2025101090,0.0,1
GUHA20241495,0.0,1
GUI20241440,0.0,1
GUILLAUMET2024131,0.0,1
GUNAWAN2024106323,0.225,2
GUNTUKA2024140,0.07,2
GUNTUKA2025215,0.0,1
GUO2023329,0.24,2
GUO2024102408,1.134,313
GUO2024103716,0.0,1
GUO2024105787,0.0,1
GUO2024134812,0.3233,3
GUO2024136253,0.0,1
GUO2025102351,0.0,1
GUO2025104804,0.0,1
GUO2025105433,0.0,1
GUO2025108486,0.0,1
GUO2025122905,0.0,1
GUO2025135424,0.0,1
GUO2025619,0.25,2
GUO2026111666,0.0,1
GUOPEI2025378,0.0,1
GUPTA2024100066,0.245,2
GUPTA2024100232,0.672,5
GUPTA2024101017,0.0,1
GUPTA2024103997,0.0,1
GUPTA2024166,0.0,1
GUPTA2025,0.0,1
GUPTA2025104875,0.0,1
GURGELFILHO2025101703,0.0,1
GUSTAVSON2024113,0.0,1
GUTIERREZFINOL20253167,0.776,20
GUTIERREZMAQUILON2024,0.0,1
GUTIERREZRODRIGUEZ2025101239,0.0,1
GUTSCHE2024102762,0.165,2
GUYE2025124977,0.0,1
GWAGWA2024101078,0.0,1
GYAPERSAD2026120258,0.0,1
GYSLING202467,0.0,1
HAASE2023100066,0.648,5
HABER2024,0.0,1
HABER2025100196,0.0,1
HABIB2024100072,0.0,1
HABIB2025101767,0.0,1
HABICHT2025,0.0,1
HABS202536,0.0,1
HADAN2024100095,0.0,1
HADARSHOVAL2025,0.0,1
HADARSOUVAL2025,0.0,1
HADAS2024101549,0.0,1
HADERER2025102959,0.0,1
HADLEY2026101993,0.0,1
HAEFNER2023122878,0.0,1
HAENLEIN20251,0.0,1
HAFFNER2025101905,0.0,1
HAGEB2025104863,0.0,1
HAI2025102905,0.0,1
HAJIAN2025100744,0.0,1
HAKANSSON20245458,0.3,3
HALADA2024108093,0.0,1
HALAWANI2024116,0.2767,3
HALE2025123,0.25,2
HALL2023110797,0.0,1
HALL2024100256,1.3399,287
HALLAM2024107452,0.0,1
HALLGREN2024102403,0.0,1
HAMADA2025174,0.0,1
HAMED2024108782,0.716,5
HAMIDI2025100237,0.0,1
HAMPSON2025100258,0.0,1
HAN2024103946,0.0,1
HAN2024112034,0.0,1
HAN2024118500,0.0,1
HAN2024131629,0.0,1
HAN2025,0.0,1
HAN2025100714,0.0,1
HAN2025113715,0.0,1
HAN2025117296,0.0,1
HAN2025S-172,0.0,1
HAN2025S88,0.745,10
HANBEYOGLUAKTURK2025112654,0.0,1
HANDLER2024102811,0.0,1
HANUSSE2025104453,0.0,1
HANYCZ2025153903,0.0,1
HAO2024102662,0.0,1
HAO2025108311,0.0,1
HAQUE2026108611,0.0,1
HARAN2024290,0.0,1
HARDCASTLE2025114979,0.0,1
HARI2025100103,0.0,1
HARIDAS2026117119,0.0,1
HARKEY2025100687,0.0,1
HARMS2024114364,0.0,1
HARO2025100155,0.0,1
HARRER2023104512,0.0,1
HARRIS2024100162,0.0,1
HARRISON2024,0.9045,11
HART2025187,0.0,1
HARTANTO2025100103,0.0,1
HARTSON2025411,0.0,1
HARTVIGSEN2024,0.0,1
HARTWELL2025100956,0.165,2
HARWOOD2024104013,0.0,1
HASAN2024110544,0.0,1
HASAN2025,0.0,1
HASAN2025874,0.7147,34
HASHMI2024607,0.2967,3
HASSANIPOUR2024,0.0,1
HASSANZADEH2025100243,0.0,1
HASSELL2025100765,0.0,1
HASTINGS2024e2,1.2862,199
HATTORI2024100087,0.0,1
HAWASHIN2025100754,0.0,1
HAYAWI2024101533,0.0,1
HAYOZ2025100670,0.0,1
HE2024,0.0,1
HE2024101596,0.0,1
HE2024104752,0.0,1
HE20241210,1.312,314
HE2024858,0.0,1
HE2025,0.4483,6
HE2025103020,0.245,2
HE2025105245,0.0,1
HE2025108638,0.0,1
HE2025108863,0.0,1
HE2025111969,0.0,1
HE2025139518,0.0,1
HE2025157286,0.0,1
HEALY2025,0.0,1
HEDDERSON2025105662,0.0,1
HEILMEYER2024,0.0,1
HEIMSTAD2025100190,0.0,1
HEINKE2024100089,0.8568,19
HELAL2025111973,0.0,1
HELD2024,0.0,1
HELVACIOGLUYIGIT2025750,0.598,5
HEMALATHA2024138322,0.0,1
HENDERSON2025,0.0,1
HENKE2025AB194,0.0,1
HENNESSY2024101137,0.0,1
HENZI2025107,0.0,1
HERATH2025133329,0.0,1
HERCKIS2025,0.0,1
HEREDIA2025155,0.0,1
HEREDIAALVARO2025103007,0.0,1
HERMANN2024114720,0.675,8
HERMANN2025,0.0,1
HERMANN2025215,0.25,2
HERMANN2025802,0.2767,3
HERMS2025S371,0.0,1
HERNANDEZCORREAS2024100639,0.0,1
HERNANDEZRAMIREZ2024414,0.9014,7
HEROLD2025101012,0.632,5
HERRON202484a,0.0,1
HERUT2025101218,0.0,1
HERWALD20251050,0.0,1
HERZBERG2025102363,1.1389,35
HEUNG2025100361,0.0,1
HICHAM2026146,0.0,1
HIDAYATULLAH2025100213,0.0,1
HIFNY2024107246,0.0,1
HIGGINS2025103630,0.0,1
HILLARD2025301,0.0,1
HIRAHARA2025109849,0.0,1
HIRN2024102826,0.0,1
HIROSAWA20231119,0.3133,3
HIROSAWA2024,0.25,2
HIROSAWA2025,0.0,1
HIRSH2025389,0.0,1
HO2024100522,0.0,1
HO2025100947,0.8818,11
HOBENSACK2024104753,0.0,1
HOCKENBERRY2024102418,1.7804,56
HOCUTT2024102829,0.0,1
HOEYER2024159,1.3572,313
HOGAN2025,0.0,1
HOGLINGER2024598,0.0,1
HOGSTEDT2025741535,0.0,1
HOLLANDER2025109084,0.48,5
HOLMES2025,0.0,1
HOLT2025291,0.0,1
HOLTZ20251888,0.0,1
HOMLONG202494,0.25,2
HONG2024e40811,0.0,1
HONG2025105241,0.0,1
HONG2026103093,0.0,1
HONIG202455,0.0,1
HOOMANFARD2025101570,0.0,1
HOPKIN2025e89,0.3333,3
HOPNER2025101105,0.0,1
HORTON20241432,0.0,1
HORTON2024888,0.125,2
HOSE2025,0.0,1
HOSKINS2026102156,0.0,1
HOSSAIN2025100947,0.0,1
HOSSAIN2025106656,0.0,1
HOSSEINI2024142594,0.0,1
HOSSEINI2025100399,0.0,1
HOSSEINI2025100520,1.1034,35
HOU2025101075,0.0,1
HOU2025103070,0.0,1
HOU2025104218,0.0,1
HOU2025129859,0.0,1
HOU2025173,0.0,1
HOURI2025102040,1.0072,36
HOUT2025106669,0.0,1
HOWARD2023405,0.23,2
HOWELL2024155,0.0,1
HOWLIDER2025133879,0.0,1
HOYT2025100246,0.36,4
HSIAO2025100901,0.0,1
HSU2024100329,0.0,1
HSU2024103723,0.0,1
HSU2024e40767,0.0,1
HSU2025,0.0,1
HSUEH2024292.e1,0.0,1
HU2024102885,0.25,2
HU2024104010,0.75,5
HU202413,1.3615,200
HU2024176562,0.0,1
HU2025100174,0.2667,3
HU2025100979,0.245,2
HU2025101331,0.0,1
HU2025102221,0.0,1
HU2025103376,0.25,2
HU2025104963,0.25,2
HU2025111417,0.0,1
HU2025128668,0.0,1
HU2025253,0.0,1
HUA2025104119,0.0,1
HUANG2024,0.0,1
HUANG2024100302,0.0,1
HUANG2024101402,0.0,1
HUANG2024151,0.0,1
HUANG2024325,0.0,1
HUANG2024617,0.0,1
HUANG2025,0.0,1
HUANG2025100275,0.0,1
HUANG2025100424,0.0,1
HUANG2025100526,0.245,2
HUANG2025100977,0.0,1
HUANG2025101336,0.0,1
HUANG2025103775,0.0,1
HUANG2025104011,0.0,1
HUANG2025104152,0.0,1
HUANG2025104199,0.0,1
HUANG2025105310,0.0,1
HUANG2025107877,0.0,1
HUANG2025113691,0.25,2
HUANG2025280,0.0,1
HUANG2025445,1.415,38
HUBBARD2025,0.0,1
HUDON2024,0.0,1
HUERTACHAVEZ2024137644,0.0,1
HUESO2023309,0.0,1
HUETTEMANN2025102901,0.0,1
HULTER2024123709,0.0,1
HUNG2025100151,0.0,1
HUNG2025103005,0.0,1
HUO2024,0.0,1
HUO2025103222,0.0,1
HUR2025101685,0.0,1
HUSSAIN2024100071,0.0,1
HUSSAIN2024344,0.0,1
HUSSAIN2025100707,0.0,1
HUSTER2025125783,0.0,1
HUY2024100295,0.0,1
HUYNH2025114159,0.0,1
HUYNH2025122479,0.0,1
HWAI2025774,0.0,1
HWANG2025101230,0.0,1
HWANG2025102266,0.0,1
HWANG2025104266,0.0,1
HWANG2025110769,0.0,1
HYNEK2025100782,0.0,1
HYNNINEN2024,0.0,1
HYUNBAEK2023102030,0.0,1
IBARRAMUNOZ2025100818,0.0,1
IBRAHIM2025,0.0,1
ICHIKAWA2025,0.0,1
IGNACZ2023100040,0.0,1
ILAGAN20241124,0.0,1
ILAGAN2024420,0.0,1
ILLE20231014,0.8773,11
IMMADI2025107676,0.0,1
INAM2024102387,0.0,1
INGUVA2025100303,0.0,1
INNOCENTI202412,0.0,1
IRUZUBIETA2025,0.22,2
ISHFAQ202517,0.0,1
ISHFAQ2025223,0.245,2
ISHIZAKI2025123955,0.0,1
ISLAYEM2025101648,0.0,1
ISLEEM202427,1.3659,315
ISMAGILOVA2025100147,0.0,1
ISMAIEL2024111582,0.0,1
ISMAIL2024154994,0.0,1
ISMAILFAWAZ2025104337,0.0,1
ISMAILOVA202612,0.0,1
ISOMURA2025131371,0.0,1
ISSA2024e38759,0.0,1
ITO2025129095,0.0,1
IVANOV2024102521,0.0,1
IVANOV202567,0.0,1
IWANAGA2023S173,0.25,2
IZUMI2024122228,0.0,1
JACKSON2024740786,0.0,1
JACOB2025,0.0,1
JACOBS2023,0.0,1
JACOBS2025,0.165,2
JACOBS2026109333,0.0,1
JACOBSON2024103219,0.0,1
JAFARIAN2025100357,0.0,1
JAFARPOUR2024105667,0.0,1
JAGANATHAN2026241,0.0,1
JAGAYAT2024101726,0.0,1
JAIN2024102057,0.0,1
JAIN20251871,0.0,1
JAISWAL2024S374,1.5971,55
JAISWAL2025,0.0,1
JALALI2025,0.0,1
JAMES2023129256,0.0,1
JANG2024102175,0.0,1
JANG2024102532,0.24,2
JANG2024107557,0.0,1
JANG2024e629,1.56,209
JANG2025106174,0.0,1
JANSON2023107954,0.0,1
JANSSEN2025101791,0.0,1
JARMA2024117273,0.0,1
JASPERJIA2025104030,0.0,1
JAVAID202589,0.0,1
JAVID2025167,0.0,1
JAYARAMAN20253203,0.0,1
JAYASINGHE2026112122,0.0,1
JEHA20232105,1.0934,463
JENKINSON2024114908,0.0,1
JENNER2025100183,0.0,1
JEONG2025127067,0.0,1
JEYARAJ2025100629,0.0,1
JEYARAJ2025269,0.0,1
JHA2026104480,0.0,1
JHINJER2023158153,0.0,1
JI2025105313,0.0,1
JI2025115255,0.0,1
JI2026116159,0.0,1
JIA2025,0.25,2
JIA2025104130,0.0,1
JIA2025121850,0.0,1
JIA202576,0.0,1
JIANG2024100287,0.245,2
JIANG2024102883,0.235,2
JIANG2024104103,0.3275,4
JIANG2024105113,0.0,1
JIANG2024105286,0.582,5
JIANG2024114688,0.0,1
JIANG2024202,0.0,1
JIANG2025100975,0.6414,7
JIANG2025105365,0.3,3
JIANG2025106223,0.33,3
JIANG2025113008,0.0,1
JIANG2025124604,0.3267,3
JIANG2025134548,0.448,5
JIN2025,0.0,1
JIN2025100107,0.0,1
JIN2025100348,0.0,1
JIN2025100436,0.235,2
JIN2025100467,0.2967,3
JIN2025104177,0.0,1
JIN2025105248,0.0,1
JIN2025106294,0.0,1
JIN2025108015,0.0,1
JIN2025108538,0.0,1
JO2025119915,0.0,1
JO2025124326,0.0,1
JOHN2025,0.0,1
JOHNSON2024102889,0.0,1
JONAHBARRETT2025,0.0,1
JONEK2024139,0.0,1
JONEK20251033,0.0,1
JONES2024104046,0.0,1
JOO2025101571,0.0,1
JORDAN2025,0.0,1
JOSE2024101082,1.3658,199
JOSHI2024121729,0.0,1
JOSHI2025100317,0.0,1
JOUINI2025111867,0.0,1
JOWSEY2023971,0.0,1
JU2024112542,0.0,1
JU2025102955,0.0,1
JUEL2025106137,0.0,1
JUHOLA2025101631,0.0,1
JUNG2024301752,0.0,1
JUNG2025104403,0.0,1
JUNG2025123843,0.0,1
JUNGHERR2025102079,0.0,1
JUNYU2025652,0.0,1
JURGENSMEIER2024468,0.0,1
JUSOH2025117825,0.0,1
KABA20242641,1.2715,219
KABIR2024101640,0.0,1
KADOW2025154,0.0,1
KAGAN2023108233,0.0,1
KAGIYAMA2025,0.0,1
KALENDRA202634,0.0,1
KALIISA2025105246,0.0,1
KALKA2025140611,0.2,2
KALKA2026143770,0.0,1
KALLAM202428,0.0,1
KALMYKOV2025117239,0.0,1
KAMATA2024100271,0.0,1
KAMEL2024107562,0.0,1
KANAKALA2024103175,1.3317,288
KANEMURA2025100743,0.0,1
KANG2023100824,0.0,1
KANG2024102401,0.0,1
KANG2024102615,0.0,1
KANG2025,0.0,1
KANG2025111189,0.0,1
KANG2025502,0.0,1
KANMANI2025,0.0,1
KANTOR202422,0.21,2
KANTOR2024482,0.2933,3
KANTOR2025,0.0,1
KAPLAN2024,0.0,1
KAPLAN2025106080,0.0,1
KAPPEL2024106303,0.0,1
KAR2025102776,0.0,1
KARABABACKSTROM2025,0.0,1
KARACAY2025e402,0.0,1
KARAKOLTZIDIS2025100012,0.0,1
KARALASINGHAM2024101333,0.0,1
KARAOGLANYILMAZ2025100187,0.0,1
KARAPATAKIS2025100118,0.0,1
KARATAS2025101073,0.0,1
KARELL2025101966,0.0,1
KARHIY2024100069,0.0,1
KARIMZADEH2023S173,1.4266,465
KARIOTIS2025,0.0,1
KARLSSON20251059,0.0,1
KARMAKAR2024111353,0.0,1
KARMANN2024129888,0.0,1
KARPE2025,0.0,1
KARTASHOV2025117742,0.0,1
KARTHIK2024100972,0.0,1
KARUNDE2025101862,0.0,1
KARUSOOMUSUMECI2025107795,0.0,1
KASAPOVIC20251059,0.0,1
KASAR2024905,0.0,1
KATEEL2025183,0.0,1
KATHAIT20241575,0.245,2
KATSUYAMA2025104480,0.0,1
KAUR2025113606,0.0,1
KAUR2025118290,0.0,1
KAUSHIK2025,0.0,1
KAYAL2025S-860,0.0,1
KAZEMI2025205751,0.0,1
KE2024,0.0,1
KEASLER2025104353,0.9486,36
KEATING2024577,0.0,1
KEEGAN2023228,0.0,1
KEENE2025e587,1.1797,37
KEITH202520,0.0,1
KELKAR2024S123,1.6705,56
KELLY2025,0.0,1
KELLY2025107276,0.0,1
KEMBRO2025163,0.0,1
KEMMOCHI2025227,0.0,1
KEMPFERT2025118,0.0,1
KENNEDY2025100293,0.0,1
KENNEDY2025106116,0.0,1
KENOPURUM2025S301,1.0072,36
KERNBERG2024,0.0,1
KESSEL2024111971,0.0,1
KESSLER2024100126,0.0,1
KHADIDOS2025864,0.0,1
KHALEEL20262,0.0,1
KHALID202511,0.0,1
KHALIFA2024100141,1.2625,8
KHALIFA2024100142,1.5636,271
KHALIFA2024100145,1.5044,9
KHALIFA2024100148,1.1955,11
KHALIFA2025100161,0.0,1
KHALIL2025115456,0.0,1
KHAN2024103779,0.653,10
KHAN2024e24890,0.55,4
KHAN2024S371,1.5508,211
KHAN2025103055,0.0,1
KHAN2025106506,0.3033,3
KHAN2025109593,0.0,1
KHAN2025125524,0.25,2
KHAN2025409,0.0,1
KHAN202545,0.235,2
KHANIFAR2025100034,0.0,1
KHANIFAR2025100069,0.6735,49
KHANIYA2025180082,0.0,1
KHATRI2026103379,0.0,1
KHATUA2024100812,0.0,1
KHEMIRI2024199353,0.0,1
KHENE2024160,1.212,315
KHODAKARAMI2026108027,0.0,1
KHONGKOMOLSAKUL2025117537,0.0,1
KHOSLA2023S173,0.0,1
KHOSO2025100627,0.0,1
KHOSRAVI2024101503,0.0,1
KHOSRAVI2025100890,0.9758,52
KHVATSKII2025103121,0.0,1
KIETZMANN2024453,1.3658,199
KIEUTRANGTHOI2025107389,0.0,1
KILIC2025,0.0,1
KIM2023598,0.809,21
KIM2023607,1.4604,404
KIM2024102422,0.0,1
KIM2024105615,1.3075,20
KIM2024665,1.0235,17
KIM2025100263,0.0,1
KIM2025100908,0.0,1
KIM2025101123,0.3929,7
KIM2025101214,0.165,2
KIM2025102958,0.0,1
KIM2025104992,0.0,1
KIM2025115498,0.61,4
KIM2025172,0.0,1
KIM2025207,0.245,2
KIM2025301990,0.0,1
KIM2026103374,0.0,1
KIM2026103735,0.0,1
KIM2026104542,0.0,1
KIM2026129086,0.0,1
KIRILOVA2025101604,0.0,1
KIRK2025114984,0.0,1
KISHITA2024123285,0.0,1
KITANO2025167,0.0,1
KLEEBAYOON2023200,1.6378,350
KLEEBAYOON2023840,0.9561,527
KLEEBAYOON2023e301,1.1976,528
KLEIB2024100252,0.0,1
KLEIN2023104092,0.0,1
KLEINSASSER2024104694,0.6117,6
KLEISER2024123213,0.0,1
KLIMAS2025102819,0.0,1
KLIMAS2025287,0.0,1
KLIMCZAK2024102745,0.0,1
KNIGHT2024102972,0.0,1
KNOLLE202583,0.0,1
KNOTH2024100225,0.0,1
KO2025,0.0,1
KOBAYASHI2025100700,0.0,1
KOCAK2025100016,0.0,1
KODWEIS2025100553,0.0,1
KOHNKE2023100156,0.21,2
KOHNKE2024100279,0.195,2
KOHNKE2025100371,0.0,1
KOHNKE2025108600,0.0,1
KOJOMFOKO2025100484,0.0,1
KOKABI2025100619,0.0,1
KOKKALI2024104692,1.6405,239
KOLB20242172,1.6597,240
KOLBE2025100123,0.0,1
KOLLAROS2025113763,0.0,1
KOLLINS2025,0.0,1
KOLT2025101341,0.0,1
KOMPLEUKKUNEN2024103382,0.0,1
KONDAMUDI20251081,0.0,1
KONG2024100328,0.2667,3
KONG2024105555,0.0,1
KONG2025100444,0.0,1
KONSTANTINIDIS2024104691,1.7179,211
KONSTANTINOU2024621,0.0,1
KOOLI2025104476,0.0,1
KOPALLE2025115360,0.0,1
KORKMAZ2024104954,0.0,1
KORNHAUSER2024111,0.0,1
KORUCUKIS2024101639,0.0,1
KORZYNSKI2025548,0.0,1
KOSSECKI20233432,0.0,1
KOSTOPOLUS2025102894,0.0,1
KOUROUNIOTI2025101496,0.0,1
KOURTALI2025103690,0.0,1
KOWALCZYK2024108046,0.0,1
KOWE2025101651,0.0,1
KRAFTVANERMEL2026106106,0.0,1
KRAJEWSKI20243753,0.0,1
KRAKOWSKI2025100560,0.0,1
KRAUS2023122381,0.0,1
KRAUTH2024108137,0.0,1
KREFELDSCHWALB2025,0.0,1
KRISHNAMURTHYGANGA2025108443,0.0,1
KRISHNAN2025,0.0,1
KROESE2025101205,0.0,1
KROPLIN2024,0.0,1
KROTOV2025,0.0,1
KRUIDERING2024224,1.2071,323
KRUKOWSKI2023e00427,0.0,1
KSHETRI2024101931,0.0,1
KSHETRI2024102716,0.2,2
KSHETRI2024102760,0.4533,3
KSHETRI202569,0.0,1
KUA2025e2,0.8267,12
KUANG2025104289,0.0,1
KUCUK2023,0.0,1
KUCUK2025125246,0.0,1
KUHLMANN2024302,0.0,1
KULAL2024100329,0.0,1
KUMAR2024100005,0.0,1
KUMAR2024107457,0.2,2
KUMAR2024472,0.2933,3
KUMAR2025102078,1.0753,51
KUMAR2025102993,0.0,1
KUMAR2025112768,0.0,1
KUMAR2025115160,0.0,1
KUMAR20251593,0.24,2
KUMAR2025751,0.0,1
KUMAR2025S49,1.4763,52
KUNZE2025,1.11,50
KUNZE20251438,1.402,51
KUNZE2025547,1.3608,52
KUO2023110976,0.0,1
KUO2026105463,0.0,1
KUO2026108677,0.0,1
KUOWEI2025101164,0.0,1
KUZMICICCALDERON2025657,0.0,1
KWOK20243254,0.0,1
KWOK2025103618,0.0,1
KWON2024,1.6027,64
KWON2024114570,0.0,1
KYRO2024283a,0.25,2
L2025100142,0.3067,3
LA2024103938,0.0,1
LABIS2025238,0.0,1
LABUN2025170468,0.0,1
LABUZ2026103060,0.0,1
LACERDA2025110678,0.0,1
LACHHEB2025101021,0.225,2
LADYHINA2025107103,0.0,1
LAI2025,0.0,1
LAI2025100797,0.0,1
LAI20255155,0.0,1
LAKIC20251080,0.25,2
LAKIC2026138833,0.0,1
LAMBERT2024230,0.0,1
LAMICHHANE2025107353,0.165,2
LAMURIAS202550,0.0,1
LAN2024123582,0.0,1
LANG2024102804,0.0,1
LAO2024216,0.0,1
LAOHAWETWANIT2025102725,0.0,1
LAROCHE2025102961,0.0,1
LASAROV2026105309,0.0,1
LASATER2025106833,0.0,1
LASHIN20252541,1.0767,15
LASKOVA2025103461,0.0,1
LASTAUSKAS2024106918,0.0,1
LAU2025,0.0,1
LAU2025101077,0.0,1
LAUSOONTORNSIRI2025357,0.0,1
LAW2024100174,0.0,1
LAWRENCE2024,0.0,1
LAWRENCESIDEBOTTOM2025,0.0,1
LAWTON202336,0.0,1
LAYNE2025S950,0.4633,6
LAZCANO2025113063,0.0,1
LAZZARO2024106724,0.12,2
LAZZARO2025114064,0.0,1
LE2024100052,0.0,1
LE2025100939,0.0,1
LE2025103472,0.0,1
LEBLEBICI2025111573,0.0,1
LECHIEN2024753,1.8757,115
LEE2023,0.0,1
LEE2024100221,0.8067,15
LEE2024100253,1.8268,120
LEE2024100283,1.0,6
LEE2024101148,0.0,1
LEE2024102520,0.0,1
LEE2024102846,0.8257,14
LEE2024103538,0.0,1
LEE2024103690,0.0,1
LEE2024105048,0.0,1
LEE2024717,1.7777,202
LEE2024AB333,2.1563,204
LEE2024S1614,1.9936,211
LEE2025,0.4767,3
LEE2025100221,0.0,1
LEE2025101090,0.0,1
LEE2025102245,0.0,1
LEE2025103368,0.0,1
LEE2025104317,0.4475,4
LEE2025106317,0.0,1
LEE2025113326,0.0,1
LEE2025124193,0.0,1
LEE2025151524,0.0,1
LEE2025214,0.0,1
LEE2025537,0.0,1
LEE2026103059,0.0,1
LEEFRANCISS2025237,0.45,3
LEHNER2024114,1.556,215
LEI2023110491,0.0,1
LEINO2024100192,0.0,1
LEISER2025,0.0,1
LEITE2025124115,0.0,1
LEMPE2025,0.0,1
LENG2024111373,0.0,1
LENG2025561,0.075,2
LENG2026103076,0.0,1
LENGUYEN2024138836,0.0,1
LERI2024116152,0.0,1
LERMANNHENESTROSA2025100142,0.0,1
LEVIN2023100936,1.8079,200
LEVIN2024104771,0.0,1
LEVIN2024105566,0.0,1
LEVIN20241495,0.0,1
LEVIN2025105216,0.0,1
LEVKOVICH2025104970,0.0,1
LI2023829,1.723,245
LI2024,0.7514,28
LI2024101916,0.24,2
LI2024102389,0.0,1
LI2024106056,0.47,5
LI2024107114,0.0,1
LI2024109258,0.0,1
LI2024112,0.8525,28
LI2024114121,0.245,2
LI2024118988,0.8859,39
LI2024121866,0.0,1
LI2024122805,0.0,1
LI2024124,0.0,1
LI2024128185,0.0,1
LI2024135599,0.0,1
LI2024149044,0.0,1
LI20241581,0.0,1
LI2024988,2.0353,234
LI2024S346,1.3601,243
LI2025,0.4264,11
LI2025100445,0.515,6
LI2025100722,0.345,4
LI2025100820,0.4356,9
LI2025100894,0.5925,4
LI2025101003,0.0,1
LI2025101616,0.0,1
LI2025101745,0.165,2
LI2025102440,0.0,1
LI2025102557,0.0,1
LI2025102939,0.0,1
LI2025103015,0.0,1
LI2025103793,0.6343,7
LI2025104078,0.525,4
LI2025104258,0.564,5
LI2025104365,0.0,1
LI2025105179,0.3917,6
LI2025105220,0.0,1
LI2025105244,0.0,1
LI2025105324,0.0,1
LI2025106509,0.0,1
LI2025110382,0.5025,4
LI2025110496,0.4933,3
LI2025110672,0.0,1
LI2025112349,0.245,2
LI2025112605,0.4733,6
LI2025113592,0.4433,3
LI2025115329,0.0,1
LI2025121195,0.0,1
LI2025121417,0.0,1
LI2025127750,0.23,2
LI2025131115,0.3067,3
LI2025132,0.245,2
LI2025143775,0.0,1
LI2025150926,0.5514,7
LI2025175,0.0,1
LI2025181,0.0,1
LI2025325,0.6,4
LI2025441,0.0,1
LI2025621,0.5711,9
LI202564,0.0,1
LI2025759,0.548,5
LI202596,0.0,1
LI2025969,0.4367,6
LI2025e41159,0.0,1
LI2025S280,1.0381,53
LI2026103665,0.0,1
LI2026108547,0.0,1
LI2026384,0.0,1
LI2026743092,0.0,1
LIAN2024102442,0.0,1
LIANG2024,0.0,1
LIANG2025104712,0.0,1
LIANG2025112216,0.0,1
LIANG2025173028,0.0,1
LIANG20251993,0.0,1
LIAO2024105187,0.21,2
LIAO2025100385,0.0,1
LIAO2025120662,0.0,1
LIBERA2025,0.0,1
LICHTENSTEIN2025S-861,0.0,1
LIDDLE2026102497,0.0,1
LIEBRENZ2023e105,1.7603,328
LIEBSCHER2025e106,1.0263,51
LIFANCHUK2023103249,0.0,1
LILIAEDITH2025,0.0,1
LIM2023100790,0.0,1
LIM2024,0.0,1
LIM2025,0.0,1
LIM2025102911,1.0161,51
LIM2025105306,0.0,1
LIM2025107656,0.0,1
LIM2025108761,0.0,1
LIM2025743,0.0,1
LIMA20251277,0.0,1
LIN2023100167,0.0,1
LIN2024103529,0.0,1
LIN2024105140,0.0,1
LIN2024110682,0.0,1
LIN202485,0.22,2
LIN2025,0.0,1
LIN2025100610,0.235,2
LIN2025102895,0.235,2
LIN2025104277,0.0,1
LIN2025115621,0.0,1
LIN2025124485,0.23,2
LIN2025133,0.0,1
LIN2025329,0.0,1
LIN2025768,0.25,2
LIN20259091,0.0,1
LIN2026xxi,0.0,1
LINDENBLATT2025100049,0.0,1
LIPNICKAS2025101017,0.0,1
LIPPENS2024100054,0.0,1
LISSACK2024389,0.0,1
LIST2023102242,1.221,528
LIU2023798,1.8702,125
LIU2024100025,0.0,1
LIU2024102248,0.0,1
LIU2024103191,0.0,1
LIU2024104977,0.885,28
LIU2024108362,0.83,7
LIU2024115519,0.0,1
LIU2024116974,0.205,2
LIU2024118021,0.3967,3
LIU2024124511,1.8947,126
LIU202420,0.0,1
LIU2024342804,0.165,2
LIU2024958,0.0,1
LIU2025,0.4236,11
LIU2025100186,0.0,1
LIU2025100438,0.5733,12
LIU2025101211,0.0,1
LIU2025101770,0.5212,8
LIU2025103033,0.8008,12
LIU2025103097,0.0,1
LIU2025103544,0.0,1
LIU2025103757,0.5012,8
LIU2025103797,0.7183,6
LIU2025103826,0.7183,6
LIU2025104176,0.4875,4
LIU2025104337,0.0,1
LIU2025105479,0.4875,4
LIU2025105891,0.25,2
LIU2025106139,0.0,1
LIU2025107050,0.0,1
LIU2025108569,0.423,10
LIU2025108571,0.0,1
LIU2025108951,0.0,1
LIU2025112278,0.0,1
LIU2025113544,0.4687,15
LIU2025114513,0.5125,8
LIU20251202,0.3789,9
LIU2025124258,0.0,1
LIU2025133020,0.0,1
LIU2025183,0.0,1
LIU202585,0.0,1
LIU2026107910,0.0,1
LIZOTTE2025103350,0.0,1
LLASES20247143,1.7029,211
LLEDO2025105275,0.0,1
LO2024102435,0.0,1
LO2025103610,0.0,1
LOBO2025388,0.0,1
LOCKE2024,0.0,1
LOFTUS2025S-862,0.0,1
LOFTUS2025S-863,0.045,2
LOHMULLER2025110664,0.0,1
LOMURNO202552,0.0,1
LONG2025101229,0.0,1
LONG2025106284,0.0,1
LONGO20252688,0.0,1
LOPEZAGUILAR2025100784,0.0,1
LOPEZENCUENTRA2025100494,0.0,1
LOPEZENCUENTRA2025382,0.0,1
LOPEZLORENZO2023109870,0.0,1
LOU2025e53,1.0663,52
LOW2025,0.0,1
LOWE2024102977,0.0,1
LU2023102867,0.0,1
LU2024100057,0.0,1
LU2024130354,0.0,1
LU2024283,0.165,2
LU2025104642,0.0,1
LUBOWITZ2024651,1.2496,325
LUBOWITZ2025537,1.2694,53
LUBOWITZ2025859,1.5254,54
LUO2024124098,0.0,1
LUO2025,0.21,2
LUO2025107604,0.245,2
LUO2025107881,0.0,1
LUO2025111903,0.2133,3
LUO20251155,0.245,2
LUO2025e117,0.31,4
LUO2026443,0.0,1
LUSETTI20251883,0.0,1
LUSETTI2025S250,1.0004,56
LV2023208,1.0715,528
LV2025103889,0.0,1
LV2025112858,0.0,1
LV2025113417,0.0,1
LYNDGAARD2024104027,0.0,1
LYU2025100383,0.235,2
LYU2025108566,0.0,1
M2025530,0.9313,52
MA20231,0.0,1
MA2024,0.0,1
MA2024103009,0.0,1
MA2024123801,0.0,1
MA202452,0.0,1
MA2025100336,0.0,1
MA2025100832,0.0,1
MA2025107688,0.0,1
MA2025111967,0.0,1
MA2025112700,0.0,1
MA2025114169,0.0,1
MA2025809,0.0,1
MA2026105453,0.0,1
MABWE2025820,0.0,1
MACE2025S995,0.0,1
MACEDO202583,0.0,1
MACHADO2026322,0.0,1
MACHINMASTROMATTEO2025569,0.0,1
MACHKOUR20251233,0.0,1
MACIA2024147,0.0,1
MACKAY20251308,0.0,1
MACKEN2024,0.0,1
MACKENZIE20239,1.1552,530
MACKENZIE2025100743,1.0369,35
MACOSCAR2025924,0.0,1
MACRI2024111475,0.0,1
MADANCHIAN2025916,0.0,1
MADATHIL2025104381,0.0,1
MADDISON2025,0.0,1
MADDOX2024466,1.9472,247
MADRIDGARCIA2025228,0.0,1
MAFIMISEBI202696,0.0,1
MAGNANI2025115,0.0,1
MAGNANI2025133575,0.19,2
MAGNINI2025100197,0.0,1
MAHBOUB2025117258,0.0,1
MAHBOUB2025118357,0.0,1
MAHMOUDI2025,0.0,1
MAHMOUDIDEHAKI2025100253,0.0,1
MAI2024AB356,0.0,1
MAIBAUM2024114269,0.0,1
MAJCIK2025103372,0.0,1
MAJID2025100351,0.0,1
MAJRASHI2024,0.0,1
MAKARYUS2024569,1.7052,233
MALAKAR2025109540,0.0,1
MAMBOUR2025100185,0.0,1
MAMIDI2026112756,0.0,1
MAMUN20251342,0.0,1
MAN2024121869,0.0,1
MANCHEL2024111322,0.0,1
MANDON2025100136,0.0,1
MANJUNATHACHAR2024100689,0.0,1
MANJUNATHACHAR2025105466,0.0,1
MANNEWITZ2024102116,0.0,1
MAO2025102756,0.0,1
MARABELLI2025101921,0.0,1
MARGELLI2025445,0.0,1
MARIANI2024114542,0.0,1
MARINO20241490,0.48,3
MARKOVITCH2024103847,0.0,1
MARQUES2025101061,0.0,1
MARRIOTT2024100938,0.0,1
MARTEL2023101710,0.0,1
MARTIKAINEN2025,0.0,1
MARTIN2024100265,0.0,1
MARTIN2024100427,0.23,2
MARTIN20242165,0.0,1
MARTIN2025,0.0,1
MARTIN2025101153,0.0,1
MARTIN2025101529,0.0,1
MARTIN2025102723,0.0,1
MARTINEZMARROQUIN2025353,0.0,1
MARTINEZMORENO2024100296,0.0,1
MARTINEZPANDIANI2025100317,0.0,1
MARTINMONJE2024,0.0,1
MARTINOCINNERA202595,0.0,1
MARTINS2024105640,0.0,1
MARTYDILOY2024103875,0.0,1
MARULANDADIAZ2025112767,0.0,1
MARULLI20245273,0.0,1
MARZALGARCIAQUISMONDO2024102917,0.0,1
MARZI2025103254,0.0,1
MARZI2025103317,1.0657,51
MARZOUK2025118228,0.9686,51
MASANNECK2024,0.0,1
MASELLI2025103420,0.0,1
MASENGO2025110154,0.0,1
MASROURI2024100492,0.215,2
MASROURI2024102230,0.2967,3
MASROURI2025102428,0.0,1
MASSARO2025100841,0.0,1
MASSEY2025126575,0.0,1
MASUDA2023677,0.0,1
MATHIS2024108356,0.8275,12
MATIAS2025106149,0.0,1
MATIC2025179586,0.0,1
MATLI2025718,0.0,1
MATOS2025100571,0.0,1
MATSUBARA2024116194,0.2,2
MATSUBARA2024161650,1.8126,236
MATSUBARA2024357,2.1397,237
MATSUBARA2025113937,0.0,1
MATSUBARA2025114373,0.3333,3
MATSUBARA2025114709,0.4575,4
MATSUBARA2025172,0.9736,55
MATSUBARA2025197,0.0,1
MATSUBARA2025287,1.0202,56
MATSUNAGA2025104568,0.0,1
MATTHEWS2025100131,0.0,1
MATTINGLY2025101867,0.0,1
MAUGERI2024,0.0,1
MAURO20244134,1.9625,244
MAUTHNER2025112405,0.0,1
MAY2024155,1.2146,319
MAY2024302,1.4195,320
MAYER2025108527,0.0,1
MAYOL2024S3,0.0,1
MAYOL2025109496,1.1,50
MAZIRIRI2024100051,0.0,1
MAZURUSE2025100346,0.0,1
MCART2025184,1.0905,22
MCCAULEY2025145176,0.0,1
MCCLURE2024,0.0,1
MCDONALD2025100121,0.9514,50
MCKENZIE20252175,0.0,1
MCKINNEY2024e30106,0.0,1
MDUNYELWA2025115042,0.0,1
MEAFA20252166,0.0,1
MEARS2025417,0.0,1
MECZNER2024,0.0,1
MEDINAMURILLO2025309,1.0082,11
MEDLIN2025121068,0.0,1
MEER2024,0.0,1
MEHRVARZ2025100459,0.0,1
MEHTA2024100186,0.0,1
MEI2025100140,0.0,1
MEIERDIEDRICH2025,0.0,1
MEJIABAUTISTA2024107639,0.0,1
MEJIASALGADO2025102509,0.0,1
MEKHEIMER2025101325,0.0,1
MELO2025322,0.0,1
MENDES2025338,0.0,1
MENDESMONTEIRO2025284,0.0,1
MENDONCADEMOURA2024109332,0.701,10
MENEZES2025102377,0.0,1
MENG2025,0.25,2
MENG2025103461,0.0,1
MENG2025104166,0.0,1
MENG2025109974,0.0,1
MENG2025119338,0.0,1
MENG202532,0.0,1
MENG2025933,0.0,1
MENG2026104496,0.0,1
MENG2026112630,0.0,1
MENGA2024103049,0.235,2
MENI2024121239,1.8779,58
MENIADO2024100313,0.0,1
MENON2025101958,0.0,1
MERINO2025,0.0,1
MERONOPENUELA2025100847,0.0,1
MERTENS2025100794,0.0,1
MESARITAKIS2024104694,2.384,247
MESKO2023,0.185,2
MESKO2025,0.0,1
MESQUITAGUIMARAES2025100937,0.0,1
MESSER2024100056,0.0,1
MESSER2025100108,0.0,1
MESSNER2025101622,0.0,1
METZGER2025103313,0.0,1
MEYER2025100225,0.8483,6
MEYERHOFF2024122,0.0,1
MEZATORRES2023,0.0,1
MGADZAH2025,0.0,1
MICHEL2025101185,0.0,1
MIENYE2025181,0.0,1
MIERES2024589,0.0,1
MIGLIORINI2024105985,0.0,1
MIJAILOVIC2024101801,0.0,1
MILES2024S478,1.1984,288
MILLAT2025,0.0,1
MILLEN2025,0.0,1
MILLER20251319,1.0159,54
MILLS2025103304,0.0,1
MIMOUNICHAABANE2025104413,0.0,1
MING2025109685,0.0,1
MIRALLESMUNOZ202487,0.0,1
MIRANDAMENDOZA2025501943,0.0,1
MIRAPALOMINO2025100485,0.0,1
MIRINDI2025100275,0.0,1
MIRONE2024108754,0.0,1
MIRTAHERI2025114406,0.0,1
MISHRA202589,0.0,1
MISIEJUK2024100216,0.0,1
MITEV2024100978,0.0,1
MIZUMOTO2025100210,0.0,1
MO2025101499,0.0,1
MOBARAK2023100523,0.0,1
MODEEL2025,0.0,1
MODGIL2025103124,0.0,1
MOENS2025113559,0.0,1
MOGHADDAS2025111965,0.0,1
MOHAMED2024e734,0.0,1
MOHAMMAD2025,0.0,1
MOHAMMADI2025118632,0.0,1
MOHAMMADIAN2024463,0.0,1
MOHAPATRA2024S-890,0.0,1
MOHAWESH2025100580,0.0,1
MOHNKERN2025100167,0.0,1
MOLINA2024322,0.0,1
MOLINAPINEDA2024,0.0,1
MOMIN2025105738,0.0,1
MONDILLO2025114641,0.0,1
MONDOH2025100187,0.0,1
MONT20242881,1.4304,327
MONTAG2024103855,0.0,1
MONTAG2025108705,0.0,1
MONZON2025,0.0,1
MOON2025100207,0.0,1
MOON2025101004,0.0,1
MOORHOUSE2023100151,0.25,3
MOORHOUSE2024103290,0.235,2
MOORHOUSE2024103399,1.2807,201
MOORHOUSE2025103779,0.0,1
MORA202347,0.0,1
MORADI20251681,0.0,1
MORAVEC2025100691,0.0,1
MOREAU2023104942,0.0,1
MORIOKA2025762,0.0,1
MOROSKY20254,0.0,1
MORTATI2025101327,0.0,1
MORTLOCK2024100481,1.8201,115
MOSES2025103171,1.032,10
MOSLEH2024e31952,0.0,1
MOSLEHPOUR2024,0.0,1
MOTOKI2025105600,0.0,1
MOTOKI2025106904,0.0,1
MOULAEI2024105474,1.0405,42
MOURA2025,0.0,1
MOUSAVI2025125296,0.0,1
MOUSSA2025202990,0.0,1
MOYLAN2025104851,0.0,1
MUKHERJEE2025104402,0.0,1
MUKHERJEE2026104506,0.0,1
MUKHUTY202537,0.0,1
MUKUKA2024110307,0.0,1
MULLA2023914,0.0,1
MUMUNI2025113,0.0,1
MUN2025106719,0.0,1
MUNARRIZ2025101277,0.0,1
MUNIR2025102370,0.0,1
MUNIR2025102439,0.2,2
MUNOZIZQUIERDO2024e30971,0.0,1
MUNUSAMY2025102486,0.0,1
MUNUZURI202264,0.0,1
MURALIDHARAN202417,0.0,1
MURRAY2025,0.0,1
MUSARAT2024102057,0.0,1
MUTAVHATSINDI2024106173,0.0,1
MUTIN2025,0.0,1
MUZANENHAMO2024102735,0.0,1
MYLREA2025315,0.0,1
NA2025103614,1.0233,54
NABILA2025100501,0.0,1
NACLERIO20241493,2.0481,241
NADEEM2025,0.0,1
NAGGE2025101494,0.0,1
NAGHDY2025102445,0.0,1
NAHEED20251492,0.0,1
NAIMI20241346,0.0,1
NAJA2024988,0.3967,3
NAJAFABADI2025,0.0,1
NAKAMURA202599,0.0,1
NAKASHIMA2025101528,0.0,1
NAKHAEI2024175790,0.0,1
NAKIKJ2025,0.0,1
NAMOUN2024671,0.0,1
NARAYAN2024,0.0,1
NARINS2024100760,0.0,1
NAVARRORODRIGO2025,0.0,1
NAYYAR20251,0.0,1
NAYYAR2025161,0.0,1
NAYYAR2025241,0.225,2
NAYYAR2025309,0.3575,4
NAZAR2025,0.0,1
NEGRI2024258,0.0,1
NEGRON2025194,0.0,1
NEMETH2025,0.0,1
NEMETH2025101751,0.0,1
NEMS2025e01348,0.0,1
NENSA2025100001,0.0,1
NESTEL2025109035,0.0,1
NEUDERT2024100092,0.0,1
NEVIERE2024S474,1.2914,338
NEVO2025106466,0.0,1
NEWSTEAD2023100998,0.0,1
NG20241113,0.0,1
NG2025100373,0.0,1
NG2025101222,0.672,5
NGU2025105421,0.0,1
NGUYEN2024,0.0,1
NGUYEN2024100899,0.225,2
NGUYEN2024112059,0.0,1
NGUYEN2025105463,0.0,1
NGUYEN2025172,0.24,2
NGUYEN2025491,0.2867,3
NI2025126420,0.0,1
NICKE2025108402,0.0,1
NICKEL2025108677,0.0,1
NICOSON2024103727,0.0,1
NIE2024100172,0.0,1
NIE2025107036,0.0,1
NIEDBAL20233059,0.0,1
NIELSEN2025,0.0,1
NIGRO20252390,0.0,1
NIKOLAKIS20252693,0.0,1
NIKOLOPOULOS2024104690,1.3473,339
NIKOLOPOULOS2024104693,1.1531,353
NILASHI2024e38563,0.0,1
NING2024e848,1.2473,315
NING2025128397,0.0,1
NISBET2025281,0.632,5
NISHAANT2025142221,0.0,1
NISHISAKO2025,0.0,1
NIU2025128368,0.0,1
NIU2025278,0.0,1
NIU2026103615,0.0,1
NJOR2025101688,0.0,1
NJUGUNA2026103080,0.0,1
NNADILI20243037,0.0,1
NOCHETE2024106935,0.0,1
NODA2025,0.0,1
NOFAL2025100347,0.0,1
NOGUER2024127,0.0,1
NOH20246622,0.0,1
NOLINLAPALME20241774,1.5588,51
NORDLINGER2024536,0.0,1
NORIZUKI2025107235,0.0,1
NOWROOZI2025103118,0.0,1
NTOUMANIS2025102879,0.0,1
NUNES2025102940,0.0,1
NUNES2025106057,0.0,1
NYASULU2024109867,0.0,1
OBARA2025606,0.0,1
OBEN2025790,1.1284,50
OBENGGYASI20241398,0.0,1
OBREJA2025100576,0.0,1
OBSE2025117659,0.0,1
OCCHIPINTI2024109645,0.0,1
OCHIENG2024102710,0.4633,3
OCKEY2025,0.0,1
OCONNELL2025104736,0.0,1
OCONNOR2024103825,1.3382,220
OCONNOR2025108701,0.0,1
ODONNELL2024107,0.0,1
ODRI2023103706,0.0,1
ODU2025112353,0.0,1
OEDING2025588,1.474,57
OERTEL2025107737,0.0,1
OGRADY2024S450,1.0961,355
OGRADY2025,0.0,1
OH20241,0.0,1
OH2025,0.0,1
OJLERT2024S859,1.4393,361
OKICK2025124339,0.0,1
OLADIPO2025101894,0.0,1
OLAF2025100115,1.1387,53
OLCHAWA2024100225,0.0,1
OLIVEIRA2025527,0.0,1
OLLERENSHAW2024100610,0.0,1
OMALLEY2024,0.0,1
OMAR2024e595,1.9878,273
ONG2024e428,1.5533,328
ONSTWEDDER2024,0.0,1
ORGERON2025,0.0,1
ORJALA2025100747,0.0,1
ORRU2025102086,0.0,1
ORTALDA2025106182,0.0,1
ORTEGAQUINTANILLA2025169439,0.0,1
ORTIZGUTIERREZ2025105882,0.0,1
OSADCHAYA2024571,0.0,1
OSCARSSON2025,0.0,1
OSLUND20241473,2.8723,248
OSTICK2025e1296,0.594,5
OTTERBACHER2023100796,1.3658,199
OTTO2025105444,0.0,1
OU2024101156,0.0,1
OWENS2025,0.0,1
OZCAN2025111,0.0,1
OZCAN2025137,0.195,2
OZMEN2025102385,0.0,1
OZMEN2025105215,0.0,1
PAAUWE2025101076,0.0,1
PAHUJA20253731,0.0,1
PAL202567,0.0,1
PALLOTTINO2025109919,0.0,1
PALMER20242576,0.0,1
PALMER20245,0.3333,3
PALMER20247,0.325,4
PALMERI2025S126,0.4786,7
PALSA2025100384,0.0,1
PALUCH2024101058,0.25,2
PAMUNGKAS20241026,0.0,1
PAN2024128592,0.0,1
PAN2025100162,0.0,1
PAN2025100991,0.0,1
PANAGIOTOU2025106287,0.0,1
PANAGOULIAS2025105898,0.0,1
PANCER2025107723,0.0,1
PANDA2024105263,0.0,1
PANDA2025106112,0.0,1
PANDAYSHUKLA2025105088,0.0,1
PANDYA20241017,2.1593,55
PANGARSO20269,0.0,1
PANNEERSELVAM2025,0.0,1
PANTANOWITZ2024100609,0.17,2
PANTANOWITZ2025100680,0.0,1
PANTPAI2025e522,0.0,1
PARAMASIVAM2025101865,0.0,1
PARASAR2024105351,0.0,1
PARASCOS2024111996,0.0,1
PARISE2025108523,0.0,1
PARK2024102941,0.0,1
PARK20242355,1.4182,289
PARK2025101119,0.0,1
PARK2025104199,0.0,1
PARK2025111052,0.0,1
PARK2025190,0.696,5
PARKS2025,0.0,1
PARMANTO2024,0.0,1
PART2025e41190,0.0,1
PARVIZ2025,0.0,1
PASEIRO2025101498,0.0,1
PATAC2025101301,0.0,1
PATEL2024105791,0.7747,17
PATEL2025100414,0.0,1
PATEL2025102296,0.0,1
PATEL2025104237,0.0,1
PATEL2025104642,0.0,1
PATEL20252265,0.0,1
PATNAIK2024169,0.0,1
PATWARDHAN2025,0.0,1
PAUWELS2025115112,0.0,1
PAVLOVA2024117327,0.0,1
PECORARI2023101067,0.0,1
PEDOTA2025103323,0.0,1
PELLEGRINO20241,1.3692,62
PELLEGRINO2025S126,0.9416,61
PEMMADA2024106397,0.0,1
PENDERGRAST2024,0.0,1
PENG20231125,0.0,1
PENG20243259,0.235,2
PENG2024841,0.0,1
PENG2025,0.0,1
PENG2025104303,0.0,1
PENG2025105536,0.0,1
PENG2025113554,0.0,1
PENG2025113858,0.0,1
PENG2026105468,0.0,1
PENG2026112404,0.0,1
PERES2023269,0.648,5
PEREZ2025100063,0.0,1
PEREZGARCIA2025,0.0,1
PEREZGUERRERO2025579,0.0,1
PEREZPAREDES2025,0.0,1
PEREZSOLER2026112600,0.0,1
PERIARD2024112342,0.0,1
PERRY2024102947,0.0,1
PETROVIC2025,0.0,1
PETTOELLOMANTOVANI2025100285,0.0,1
PEZZULO202497,0.0,1
PFIFFNER20242190,1.4283,53
PFLEDERER2025e772,1.1606,36
PHAKITI2024,0.0,1
PHAM2025117932,0.0,1
PHAM2025150832,0.0,1
PIAO2025,0.0,1
PICCAROZZI20241839,0.0,1
PICH2025100713,0.0,1
PICH2025107783,0.0,1
PICKEL2025659,0.0,1
PICON2024100019,0.0,1
PIERCE2024S444,1.2086,345
PILGRAM2025,0.0,1
PILGRAM2025101320,0.2,2
PILLAI2023100213,0.0,1
PILLAY2024139,1.5387,216
PILLAY2025184,0.8942,12
PINO2025127725,0.0,1
PINO2025685,0.0,1
PINSORN2023112533,0.13,2
PINSORN2024112776,0.0,1
PINTO2024102920,0.0,1
PIR2025188,0.0,1
PIVETEAU2025666,0.0,1
PLATZ20241342,1.4127,358
PLATZ2025,1.0933,51
POIRRIER2023S398,1.1408,529
POLAKOVA20242332,0.0,1
POLAND20234065,1.4711,423
PONDE2024110184,0.0,1
POOLSIN2025100894,0.0,1
PORTNOY20232067,1.3514,530
PORTUGUEZCASTRO2025101223,0.0,1
POTGIETER2024e29133,0.0,1
POTTHOFF2024194,0.0,1
POURBEHZADI2024114308,0.0,1
POUYPOUDAT2025104683,0.0,1
POWELL2025,0.6325,8
POWLES20251212,0.0,1
POZDNIAKOV2024100289,0.0,1
PRADO2025102,0.0,1
PRAHANI2024101495,0.0,1
PRAMUDYO2024212586,0.0,1
PRASAD2025534,0.0,1
PRAZERES2025,0.0,1
PREECE2024100115,0.0,1
PREIKSAITIS2023,0.0,1
PRENTICE2024111326,0.0,1
PRESCOTT2024,1.8658,115
PRETORIUS2025101038,0.0,1
PREUSS2023100889,0.0,1
PRICE2025100417,0.0,1
PRILOP2025100471,0.0,1
PRIMOR2025102015,0.0,1
PRINZ2025105515,0.0,1
PRISTERA2025207,0.0,1
PRIY2025103909,0.0,1
PROCOP2024100116,0.0,1
PROSCHAK2019420,0.0,1
PRUDIC2023101081,0.0,1
PRUSTY2024111714,0.0,1
PUGLIESE2025667,0.9268,62
PULIDO2025104000,0.0,1
PUSEY2024102888,0.0,1
PYM2024,0.0,1
PYRKOV2023103675,0.0,1
QAZI2024e32638,0.0,1
QI2023119492,0.0,1
QI2024101472,0.0,1
QI2024107670,1.3615,200
QI2025,0.0,1
QI2026103178,0.0,1
QIAN2024100040,0.37,3
QIAN2024165,0.0,1
QIAN2026105448,0.0,1
QIN2024109996,0.23,2
QIN2025101145,0.0,1
QIN2025103769,0.0,1
QIN2025104680,0.0,1
QIN2025107883,0.0,1
QIN202560,0.0,1
QING2025100620,0.0,1
QIU2023137496,0.0,1
QIU2025,0.18,2
QIU2025102548,0.0,1
QIU2025108897,0.135,2
QIU2025456,0.0,1
QORICH2025128405,0.0,1
QU2025103949,0.0,1
QU2025113271,0.0,1
QU2026128957,0.0,1
QUAH2024881,0.25,2
QUESADA2025115169,0.0,1
QUIGLEY2025,0.0,1
QUINN20252002,1.0941,51
QUINTANILLA2025801,1.1449,63
QUITIANARDILA2024212570,0.0,1
QUTISHAT2025e1315,0.0,1
QUTTAINAH2024,0.0,1
RABELLOMESTRE2025101775,0.0,1
RACHANAHARISH2025103366,0.0,1
RACHANAHARISH2025104269,0.0,1
RACINE20241207,0.0,1
RADAIDEH2025101287,0.0,1
RADHAKRISHNAN2026103532,0.0,1
RADO2025,0.0,1
RADTKE2025100350,0.0,1
RAFFLOER2025100168,0.0,1
RAHARJA2025102280,0.0,1
RAHIM2025101206,0.0,1
RAHIMI2024103261,0.0,1
RAHJOO2023109389,0.0,1
RAHMAN20243,0.0,1
RAHMANIMOKARRARI2025115585,0.0,1
RAJ2023128333,0.0,1
RAJ2025104943,0.0,1
RAJAN2025,0.0,1
RAJAN2025317,0.0,1
RAJARAM2024629,0.0,1
RAJENDRAN2025,0.0,1
RAMAKRISHNAN2025105,0.0,1
RAMAN2024e24727,0.0,1
RAMAN2024e27026,0.0,1
RAMKUMAR2025276,1.505,54
RAMMO20241104,0.0,1
RAMOS2024113475,0.0,1
RAMOS20241364,0.0,1
RANA2023A4,0.0,1
RANA2024103064,0.0,1
RANA2024117550,0.0,1
RANAIVOSON2025111860,0.0,1
RANJAN2024101461,0.0,1
RANU2025107265,0.0,1
RAO20241913,2.1018,212
RAPP2025103375,0.0,1
RASCHE2025100196,0.0,1
RASHID2025,0.0,1
RASHID2025S268,0.9879,67
RASHIDI2025100663,0.0,1
RASHIDI2025100687,0.235,2
RASHIDI2025100688,0.2233,3
RATHEE2025265,0.0,1
RATTEN2023100857,0.0,1
RAUSCH202513,0.0,1
RAVENSBERGEN2025103718,0.0,1
RAWLINSON2025,0.6186,7
RAY20231457,1.193,540
RAY2024103929,1.2761,201
RAY2024127,1.2708,202
RAY2024174,0.0,1
RAY2024264,1.4543,232
RAY2025110422,1.0719,16
RAY202548,0.0,1
RAZ2024101598,0.0,1
RAZIYASHAHEEN2026217095,0.0,1
REASON2025,0.0,1
REDDY202569,0.0,1
REED2024,0.0,1
REED2025103448,0.0,1
REFOUA2025100702,0.0,1
REGKOUZAS2025100220,0.0,1
REGLI2025101163,0.0,1
REHMAN2025100588,0.0,1
REID2024103935,0.0,1
REID2025456,0.0,1
REINA20252096,0.0,1
REINDERS2024,0.0,1
REINERS2024101444,0.0,1
REINHARDT2025108718,0.0,1
REIS2025114781,0.245,2
REN2024100073,0.0,1
REN2024109400,0.0,1
REN2025,0.27,3
REN2025104305,0.0,1
RENAUD2024103877,0.0,1
RENSHAW2024100154,0.0,1
RESELFOLKERSMA2025S1749,1.0171,73
REWTHAMRONGSRIS2025100848,0.0,1
REZAI2024100510,0.0,1
RHEE2025382,0.0,1
RHO2025105413,0.0,1
RIANTO2025104427,0.0,1
RICHARDE2025102955,0.0,1
RICHARDS2025,0.0,1
RICHARDS2025S-863,1.5537,52
RICHTER2023385,1.1981,529
RICHTER2025100255,0.0,1
RIDER202581,0.0,1
RIGAS2025S-318,0.0,1
RIKHARI2025420,0.0,1
RIOSDORIA2024S45,1.4161,287
RIQUELMEGARCIA20252155,0.0,1
RISPANDI2025100513,0.0,1
RITCHIE2024S185,1.2105,60
RITZ2025109076,0.25,2
RITZMANN2025112546,0.0,1
RIZOS2025101969,0.0,1
ROBBEMOND2025,0.0,1
ROBBIN20251,0.0,1
ROBERTS2024103081,0.0,1
ROBINSON2025212,0.635,6
ROBINSON2025390,1.0392,78
ROBLES2025100685,0.0,1
RODGER2025104461,0.0,1
RODLER20241496,0.959,392
RODLER2024S947,1.062,399
RODMAN2025689,0.9222,96
RODRIGUEZ2024,0.0,1
RODRIGUEZ2025102749,0.0,1
RODRIGUEZGARCIA2025,0.0,1
RODRIGUEZLARGO20251,0.0,1
RODRIGUEZMENDEZ2023100179,0.0,1
RODRIGUEZMORALES2025101583,0.0,1
RODRIGUEZMORALES2025106544,1.4907,55
RODRIGUEZPALMA2024176616,0.0,1
RODRIGUEZSANCHEZ2025103036,0.0,1
ROGGE2025,0.0,1
ROGGERO2025102231,0.0,1
ROJAS2024,0.0,1
ROKY202589,0.0,1
ROLLS2024e31965,0.0,1
ROMIGI2025102161,0.0,1
ROMITO2024106977,0.0,1
ROMO2025,0.0,1
RONKSLEYPAVIA2025100437,0.0,1
ROOK2025112066,0.0,1
ROSATI2024102848,0.0,1
ROSATI2025106207,0.0,1
ROSCOE2023103059,0.0,1
ROSEN2025667,0.0,1
ROSENBERGER2025127043,0.0,1
ROSENMEIER2025,0.0,1
ROSHANI2025,0.0,1
ROSITI2025502257,0.25,2
ROSSI2024102749,0.0,1
ROSSI2025S249,1.3611,85
ROTHCHILD2025100260,0.0,1
ROUNTREE2025,0.0,1
ROUSMANIERE2025,1.6757,53
ROY2024105282,0.0,1
RUBERTI2025863,0.0,1
RUIZ2025104293,0.245,2
RUIZ2025206,1.1811,97
RUIZ202542,1.2202,98
RUKADIKAR202427,0.0,1
RUSCHEMEIER2024101953,0.0,1
RUSSELL2025102483,0.0,1
RUSSO2024112115,1.3,223
RUSSO20251671,0.0,1
RUSSO202568,0.0,1
RYAN2024100536,0.0,1
RYAN2026109356,0.0,1
RYTER2025102461,0.0,1
SAAVEDRAALAMILLAS2025623,0.0,1
SABBAGHZIARANI2024131,0.0,1
SABELLE2025104313,0.0,1
SABOURI2024102670,0.0,1
SACHDEVA2024S445,1.2486,400
SACHER2024,0.0,1
SADI2024102428,0.0,1
SADIA2025104071,0.0,1
SAEKI2024102049,0.0,1
SAENKHUM2023101066,1.1769,543
SAETRA2023102372,0.0,1
SAFADI2025,0.0,1
SAFARI2025101214,0.0,1
SAFARI2026103086,0.0,1
SAFDAR2024100563,0.0,1
SAGLAM2025104530,0.0,1
SAGLIK2024101700,0.0,1
SAHASHI2025458,0.0,1
SAHEB2024100146,0.0,1
SAHRAOUI2025111054,0.0,1
SAHUT2024114572,0.24,2
SAHUT2025108684,0.0,1
SAIZMANZANARES2025101938,0.0,1
SAJJADIMOHAMMADABADI2024267,0.0,1
SAKAOKA2025102381,0.0,1
SAKURAYA2024103947,0.696,5
SALAH2024101872,0.23,2
SALAH2025100899,0.0,1
SALAH2025101698,0.0,1
SALARI2025100652,0.0,1
SALDANHADAGAMA2024,0.0,1
SALEH2025113723,0.0,1
SALEM2024297,0.0,1
SALIHOGLU20241376,0.0,1
SALINAS2024113714,0.0,1
SALMAN2024S776,1.1648,401
SALMAN2025114714,0.0,1
SALONEN202412,0.0,1
SALUJA2025101101,0.0,1
SANAPO2025100076,0.0,1
SANCHEZ2024631,0.0,1
SANCHEZMEDINA2025117,0.0,1
SANCHEZQUINONES2024,0.0,1
SANCHEZROJAS2025101572,0.0,1
SANDOR2025102518,0.0,1
SANDRE2024108740,0.0,1
SANDRINI2023111317,0.0,1
SANTAMARIA2024,0.0,1
SANTAMARIA2025,0.0,1
SANTOLLA20252915,0.0,1
SANTOS2025119215,0.0,1
SANTOS2025600,0.0,1
SANTOSGARCIA2025112217,0.0,1
SAPKOTA2024100614,0.0,1
SAPUTRA2025104605,0.0,1
SAQIB20241430,0.0,1
SARKER2023100740,0.0,1
SARKER2025123956,0.0,1
SAROSSY2025,0.9945,11
SARRAF2024109064,0.0,1
SARRAF2024114132,0.0,1
SASIWAT2024100532,0.0,1
SATALKAR20242790,0.0,1
SATO2025,0.0,1
SATTELMAIER2025101838,0.0,1
SATURNO2023248,0.0,1
SAURA2024100597,0.0,1
SAVASTANO2025101374,0.0,1
SAXENA2025,0.0,1
SAXENA2025532,0.0,1
SAYYADABDI2025703,0.0,1
SAZHIN2024108857,0.0,1
SCANLON2023301609,0.0,1
SCHAAFF2025,0.0,1
SCHABL2024101589,0.25,2
SCHAYE2025,0.0,1
SCHEIBEIN2023,0.0,1
SCHERBAKOV2025,0.0,1
SCHERR2025,0.0,1
SCHIFANO2025107591,0.0,1
SCHILKE2025104405,0.0,1
SCHILLER2023e253,1.8067,200
SCHLOSSER2025102338,0.0,1
SCHMID20251082,0.0,1
SCHMIDT2025103117,0.0,1
SCHMIEDING2025,0.0,1
SCHMITT2024389,0.0,1
SCHNEPPER2025,0.0,1
SCHOLZ2025,0.0,1
SCHOSER2024101085,0.0,1
SCHOYER2023e127,1.3579,529
SCHREIBER2025S-863,0.621,10
SCHRODTER2024112662,0.0,1
SCHULE2025111835,0.71,10
SCHULTZ2025104449,0.0,1
SCHULZ2023108690,0.0,1
SCHULZ2025102900,0.0,1
SCHULZEBALHORN2025109121,0.0,1
SCHUMANN2025108646,0.0,1
SCHWEIGER2024635,0.0,1
SCHWITTER2025101069,0.0,1
SCIARRA2025e951,0.235,2
SCOTT2024158,0.0,1
SCOTT2024S253,1.7738,374
SCOTT2025100558,0.0,1
SEE2025111919,0.0,1
SEICA2025587,0.0,1
SEKHAR2024,0.0,1
SEKHON2024648,0.0,1
SELCUK2025106136,0.0,1
SELVARAJ2026109362,0.0,1
SENDINO2025101091,0.0,1
SENGUL2025104516,0.0,1
SENGUL2025104696,0.0,1
SEO2025,0.0,1
SEO2025105182,0.0,1
SEONG20251549,0.0,1
SERRANO2025100442,0.0,1
SERRASIMON2025103033,0.0,1
SETH2025107155,0.0,1
SETOLA2023100629,0.977,10
SEXTON2024606,1.3338,412
SEYFI2025101364,0.0,1
SEYFI2025104105,0.235,2
SFEIR202570,0.0,1
SHA2025,0.0,1
SHAFIEE20251,0.0,1
SHAFQAT2024928,0.0,1
SHAH2025205,0.0,1
SHAHID2025176,0.0,1
SHAHIN2024102462,0.0,1
SHAHRESTANI2024e560,0.0,1
SHAHRIAR2025101787,0.0,1
SHAHVERDI20233724,0.0,1
SHAIKAT2025,0.0,1
SHAIKH2025104005,0.0,1
SHAN2025103655,0.0,1
SHAN2025123360,0.0,1
SHANG2026104373,0.0,1
SHAO2025113309,0.0,1
SHAO2025123444,0.0,1
SHAPIRO2024492,1.3331,394
SHARIF2025S12,0.0,1
SHARKEY2025,0.0,1
SHARMA2024100365,0.0,1
SHARMA2024102500,0.0,1
SHARMA2025101249,0.0,1
SHARMA2025102347,0.0,1
SHARMA2025103018,0.0,1
SHARMA20251080,0.24,2
SHARMA20254136,0.0,1
SHARMASHARMA2023150,0.0,1
SHARP2025,0.0,1
SHASHUASHIRLI2025e73,0.0,1
SHASTRI20247668,1.3291,393
SHAU2023,0.0,1
SHAUNNMATTINGLY2025,0.0,1
SHAW2025102495,0.46,3
SHAW20251250,0.0,1
SHAYEGAN2025100722,0.0,1
SHEAN2025100844,0.0,1
SHEEHAN2024100874,1.7117,327
SHEHATA202411,0.0,1
SHEHAWY2025104062,0.0,1
SHEN2024,0.0,1
SHEN2024100136,0.0,1
SHEN2024108429,0.0,1
SHEN2024212902,0.0,1
SHEN2025102168,0.0,1
SHEN2025118374,0.0,1
SHEN2025137905,0.0,1
SHENG2024123550,0.0,1
SHENOY2025116540,1.4262,55
SHI2024127520,0.0,1
SHI2024e34391,0.0,1
SHI2025101871,0.0,1
SHI2025124328,0.0,1
SHI2025337,0.0,1
SHI2025361,0.0,1
SHI2025434,0.0,1
SHI202562,0.0,1
SHI2026112391,0.0,1
SHIBUYA2025103485,0.0,1
SHIH2025,0.606,5
SHIKINO2024,0.0,1
SHILO2024104011,0.0,1
SHIMIZU2023,0.0,1
SHIMODA2025105356,0.0,1
SHIN202340,0.0,1
SHIN2025,0.0,1
SHIN2025101216,0.0,1
SHIN2025108662,0.0,1
SHIN2025111393,0.22,2
SHIN2025832,0.0,1
SHIRAISHI2025100196,0.0,1
SHIRSHAHI20241606,0.0,1
SHORE2024103063,0.0,1
SHOZEN2025106422,0.0,1
SHUKLA2024100605,0.0,1
SHULTZ2025101405,0.0,1
SHUM2024100091,0.0,1
SHUYU2025537,0.0,1
SI2024,0.0,1
SIDAOUI2024101045,0.0,1
SIDDIK2025106519,0.0,1
SIGALA2024384,0.0,1
SIINO2025104281,0.0,1
SIKKINK2025100322,0.0,1
SIKSTROM2024105140,0.0,1
SILALAHI2025102995,0.0,1
SILVA2024107698,0.0,1
SILVA2025101680,0.0,1
SILVEIRA20231,0.0,1
SIM2024662,0.0,1
SIMEONE202537,0.0,1
SIMMATIS2024105,0.0,1
SIMMS2025106544,0.0,1
SIMSEK2025e806,0.0,1
SING2025827,0.0,1
SINGCHA2024105975,0.0,1
SINGH2024100531,0.0,1
SINGH2024102776,1.3485,393
SINGH2024103021,0.195,2
SINGH2025100876,0.0,1
SINGH2025112220,0.0,1
SINGH2025124261,0.0,1
SINGH2025129,0.0,1
SINGH2025253,0.225,2
SINGHAL2025S-864,0.0,1
SIRNOORKAR2024100318,0.0,1
SIT2024e1136,1.8323,62
SIVARAJKUMAR2024,0.0,1
SKUK2024155,0.0,1
SKULMOWSKI2023100023,0.0,1
SLATON2025,0.0,1
SLIM2025232,0.0,1
SMERDON2024100288,0.0,1
SMITH20241,0.165,2
SMITH2025102896,0.0,1
SMITH2025102958,0.0,1
SMITH2025331,0.0,1
SMITH2026421,0.0,1
SNAVELY202550,0.0,1
SNOWDON2024,0.0,1
SOARESDOSSANTOSJUNIOR2024S629,0.0,1
SOLAIMAN2024102028,1.2437,38
SOLLINI2025125,0.0,1
SOLODUCHOPELC20244461,0.0,1
SOLORZANOREQUEJO2024102157,0.0,1
SOMAN2025101337,0.0,1
SON2025110622,0.0,1
SONG2024100069,0.32,3
SONG2024105837,0.0,1
SONG2025,0.0,1
SONG2025104549,0.4467,3
SONG2025105157,0.3033,3
SONG2025105390,0.0,1
SONG2025115500,0.245,2
SONG2026104368,0.0,1
SONTADRACZKOWSKA2025321,0.0,1
SORICH2024,0.0,1
SOROOSHIAN2025146,0.0,1
SOROUSH2025502,0.696,5
SOSSA2024100374,0.0,1
SOTO20243595,0.0,1
SOYLU2025288,0.0,1
SPADON2024101952,0.0,1
SPALLEK2023,0.0,1
SPARKES202416,1.534,52
SPEER2024S-890,0.0,1
SPEISER2025106293,0.0,1
SPENNEMANN2024301821,0.0,1
SPILOTRO2025666,0.0,1
SPIRO2024101092,0.0,1
SPRUTE2025101609,0.0,1
SQUALLIHOUSSAINI2024101491,0.0,1
SRIDHARAN2024100492,0.0,1
SRINIVAS2024102787,0.0,1
SRIVASTAVA2023S359,1.7291,200
SRIVASTAVA2025,0.0,1
SRIVASTAVA2025103128,0.0,1
SRIVASTAVA2025112415,0.0,1
SRIVASTAVA2025S294,0.24,2
SRIVATSA2024102808,0.0,1
SRIVATSA2025100191,0.0,1
SRIVATSA2025161924,0.0,1
SRIVATSA2025162353,0.2933,3
SRIVATSA2025162355,0.0,1
SRIVATSA2025162420,0.0,1
SRIVATSA2025218,0.0,1
SROUR2025102889,0.0,1
STAFFORD2026108299,0.0,1
STAFUZZA2023110047,0.0,1
STAHL2025,0.0,1
STANCIU2025443,0.0,1
STEELE2023100160,0.0,1
STEFFEN2024100954,0.0,1
STENSTROM2025104411,0.0,1
STERN2025,0.0,1
STERPETTI2025388,1.1128,81
STETTINGER2025100320,0.0,1
STEVENS2024,1.8956,115
STEVENS2024100737,1.5699,394
STEVENS2025100831,0.0,1
STIDHAM2025432,0.0,1
STOFBERG2025S32,1.1213,54
STOKELWALKER202418,1.3505,203
STOREY2025102480,0.0,1
STORNAIUOLO202483,0.0,1
STRACQUADANIO2025108960,0.0,1
STREMERSCH20241,0.0,1
STROM2025103065,0.25,2
STROZYNA20242042,0.0,1
STUTZLE20251208,0.0,1
SU2024110985,0.0,1
SU2024125167,0.0,1
SU2024199302,0.0,1
SU2025103830,0.0,1
SU2025104352,0.0,1
SU2025108557,0.0,1
SUAREZ2025102997,0.0,1
SUBBARAJ2025S47,0.0,1
SUBILLAGA2025103566,0.0,1
SUCHANEK2025100781,0.0,1
SUFFOLETTO2024,0.0,1
SUGAHARA2025397,0.0,1
SUGIURA2025226,0.0,1
SUH2024,0.0,1
SUK2025102261,0.0,1
SULICH20233727,0.0,1
SULTAN2025e1197,0.0,1
SUMMERS2024104062,0.538,5
SUMMERS2025168,0.0,1
SUN2023101418,0.0,1
SUN2024117946,0.0,1
SUN2025,0.0,1
SUN2025103037,0.0,1
SUN2025103806,0.0,1
SUN2025103974,0.0,1
SUN2025104377,0.0,1
SUN2025105130,0.0,1
SUN2025105388,0.0,1
SUN2025107806,0.0,1
SUN2025129482,0.0,1
SUN2025175,0.0,1
SUN2026105271,0.0,1
SUNDARARAJAN2025326,0.0,1
SUNG2025,0.0,1
SUNGE2024e39869,0.0,1
SUNGHEETHA20251442,0.0,1
SUNMOLA2024813,0.0,1
SUPPAN2025,0.0,1
SUPPIEJ2025100277,0.0,1
SURESH2025100898,0.0,1
SURI2025818,0.0,1
SURYANARAYANA2025107193,0.0,1
SUTCLIFFE2025214153,0.0,1
SUTERA2025,0.0,1
SUZUKI2025120557,0.0,1
SWAMI2024S446,1.389,402
SWAMI2024S483,1.3975,403
SWAMI2025S304,0.0,1
SWEENEY2023100818,0.0,1
SZAREK2025177258,0.0,1
SZCZESNIEWSKI2024398,0.0,1
TABATABAEI2023212023,0.0,1
TAC2024432,0.0,1
TACKETT2025,1.4675,52
TADOKORO2025663,0.0,1
TAFAZOLI2024100275,0.0,1
TAHA2024100114,0.0,1
TAHTOUH2025100181,0.0,1
TAI2024105112,0.215,2
TAIRA2025,0.0,1
TAIWO2025100316,0.0,1
TAIWO2025672,0.17,2
TAJIRIAN2025,0.0,1
TAKAGI2024,0.0,1
TAKASUKA20243132,0.0,1
TAKEDA20242689,0.0,1
TAKEDA2025e232,0.0,1
TALAEIKHOEI2024102975,0.0,1
TALBOT2025104726,0.0,1
TALEBYAHVANOOEY2025100738,0.0,1
TALEBYAHVANOOEY2025111319,0.0,1
TALYSHINSKII202451,0.0,1
TAN2023100394,0.749,10
TAN20244092,0.0,1
TAN2025,0.0,1
TAN2025100355,0.22,2
TAN2025102441,0.0,1
TAN2025102893,0.0,1
TAN2025102918,0.2,2
TAN2025103253,0.0,1
TAN2025105057,0.0,1
TAN2025105236,0.225,2
TAN2025107715,0.0,1
TAN20252015,0.2533,3
TAN2025230737,0.0,1
TANAKA202453193,0.0,1
TANG20243355,0.0,1
TANG2025128644,0.0,1
TANG2025129212,0.0,1
TANG2025S288,0.0,1
TANI202520,0.0,1
TANTISUWANICHKUL2024108253,0.0,1
TAO2024103555,0.0,1
TAO2024361,0.215,2
TAO2025,0.0,1
TAO2025100696,0.0,1
TAO2025112683,0.0,1
TAO2025127863,0.0,1
TAPARK2025,0.0,1
TARUN2025102863,0.0,1
TAWFIK2025,0.0,1
TAYLOR202428,1.4518,417
TBAISHAT2025100421,0.0,1
TEE202417191,0.0,1
TEERTAM2025100315,0.0,1
TEIXEIRA2024S634,2.8126,248
TEIXEIRADASILVA2025111607,1.1826,99
TEIXEIRADASILVA2025244,0.0,1
TEJAMAYA2025,0.0,1
TELBANY2025S-318,0.235,2
TENG2025102157,0.0,1
TENG2025103848,0.0,1
TENG2025103889,0.0,1
TENG2025151487,0.0,1
TENKUMO202449,0.0,1
TEO2024100091,0.0,1
TEREFE2025101341,0.0,1
TESSELAAR2025106325,0.0,1
THAM2025102950,0.165,2
THANG2025,0.0,1
THANGARAJ20242340,1.3689,393
THAYER2024109457,0.2567,3
THELANCET2023503,1.2425,437
THELANCET20241,1.0253,436
THELANCETDIGITALHEALTH2023e477,1.3051,439
THELANCETDIGITALHEALTH2025e232,0.0,1
THELANCETREGIONALHEALTHEUROPE2023100677,1.1498,552
THIMM2024143978,0.0,1
THIRUNAVUKARASU2025100910,1.6993,54
THOMAS2024102619,0.0,1
THOMAS2024121823,0.0,1
THOMPSON2025,0.0,1
THOMPSON2025590,0.0,1
THORNBY2025101865,0.0,1
THOUEMENT2025104012,0.0,1
THULIN2024,0.0,1
THWAITES2025101207,0.25,2
TIAN2025100728,0.0,1
TIAN2025101111,0.0,1
TIBAU2024101331,0.0,1
TILP2025101002,0.0,1
TISSERANT2024107279,0.0,1
TIZHOOSH2025211,0.0,1
TKALACVERCIC2024102400,0.0,1
TOAPANTAGAIBOR2025502291,0.0,1
TOBA202557,0.0,1
TOBLER2024102531,0.0,1
TOKAT2024103570,0.0,1
TOKKOZHINA2025,0.0,1
TOLEDOESILVA2025139890,0.0,1
TOMAS2024145,0.0,1
TOMTE2024105151,0.0,1
TONG2025,0.0,1
TONG2025103629,0.0,1
TONG2025210,0.0,1
TOROUS2025683,1.1227,100
TORRES2025100183,0.0,1
TOUATI2025104889,0.0,1
TOVEY2024111447,1.4917,228
TRAN2024104079,0.625,4
TRAN2025100358,0.0,1
TRAN2025101578,0.0,1
TRANG2025100774,0.0,1
TRIANA20251201,0.0,1
TRIANARODRIGUEZ20241158,1.2886,437
TRIANTAFYLLOPOULOS2025101802,0.0,1
TRILLO2024452,0.13,2
TRINDADE2025101104,0.225,2
TRINKLEY2025,0.0,1
TRIPATHI2025,1.1343,51
TRIPPE2025102365,1.9704,55
TROKIELEWICZ2024112293,0.0,1
TRUB2025100957,0.0,1
TSAI2024103568,0.25,2
TSAI2024151390,0.0,1
TSAI2025105942,0.0,1
TSANG2024,0.0,1
TSANG2024111602,0.0,1
TSAO2024101865,0.0,1
TSENG2025102283,0.0,1
TSENG2025106570,0.5283,6
TUNCEL20256425,0.0,1
TUOMI2025103863,0.0,1
TURAN2025111901,0.0,1
TURCHIN2024341,0.0,1
TURK20241315,0.6033,9
TURNER2024101340,0.0,1
TURNER2025101939,0.0,1
TUROS2024100160,0.0,1
TUROS2025100394,0.0,1
TUROS2025101275,0.0,1
TURVEY2024,0.0,1
UBEDAGARCIA2025100809,0.0,1
UDDIN2025,0.0,1
UKWANDU2025103616,0.0,1
ULABIDEEN2025100742,0.0,1
ULLA2024100314,0.0,1
ULLAH2025102966,0.0,1
ULRICH2025105858,0.0,1
UMANTSIV2025489,0.0,1
UMAR2025101977,0.0,1
UMOREN2023151826,0.0,1
UNGARO2025S-173,0.0,1
UNO2025107142,0.0,1
UPADHYAY2025,0.0,1
UPADHYAY2025107272,0.0,1
UPTEGRAFT2025,0.0,1
URBAN2024105031,0.19,2
URBAN2025102156,0.0,1
URBINA202514,0.0,1
URIBE2024105275,0.0,1
UTTLEY2025111616,0.0,1
UZOCHUKWU2023101820,0.25,2
UZOCHUKWU2025104888,0.0,1
UZOCHUKWU2025e02697,0.0,1
UZUMCUGIL2024,0.0,1
V2025101633,0.0,1
V2025102080,0.21,2
VAERNESBRANDEN202423,0.0,1
VALDESHERNANDEZ2023110811,0.0,1
VALECHA2025570,0.0,1
VALENCA2025100104,0.0,1
VALLEE2026101714,0.0,1
VANAKEN2025,0.0,1
VANDERHEIJDEN2025100172,0.0,1
VANLIEROP2025S-858,1.282,56
VANMALI2024887,0.24,2
VANNGUYEN2023109558,0.0,1
VANPOPPEL2023519,1.7114,57
VANTAM2025113526,0.245,2
VANTVEEN2025133816,0.0,1
VARCHANDI2024100488,0.0,1
VARGA202513,0.0,1
VARGHESE2024977,0.0,1
VARGHESE20251468,0.0,1
VARRA2025105106,0.0,1
VASAVADA2025S48,1.3793,101
VASU2025102040,0.0,1
VAUGHN2024101487,0.0,1
VAZQUEZCANO2023101380,0.0,1
VEHI2025113051,0.0,1
VEIT2025104197,0.0,1
VELA2025100098,0.0,1
VENDITTO2025102151,1.8851,57
VENEGAS2024111001,0.0,1
VENKATARAM2024100960,0.0,1
VERMA2025111478,0.0,1
VERMA2025139,0.0,1
VERMEIRE2025S-851,0.6744,9
VERMEIRE2025S-855,0.7773,11
VETTORI2025100183,0.0,1
VHATKAR2024104047,0.0,1
VIJAYAN2025e68,1.0536,100
VILLALONGALOPEZURIBARRI2025477,0.46,6
VILLARREALZEGARRA2024,0.0,1
VILLENA2025100160,0.9161,18
VINOI2025106,0.0,1
VINTHERDAUGAARD2024101386,0.0,1
VIRK202551,0.0,1
VISSAK2025436,0.0,1
VITHANAGE2025111013,0.0,1
VLACHOPOULOS2024120,1.2557,437
VOGELGESANG2024111306,0.0,1
VOLPATO2025100195,0.0,1
VONGILLERN2024104404,0.0,1
VONGVISITSIN2025104996,0.0,1
VOWELS2024100078,0.8955,11
VRDOLJAK2025110351,0.0,1
VRETTOS20253563,0.0,1
WAELALKHATIB2023102403,0.18,2
WAHL20257,0.0,1
WAISBERG2024849,0.0,2
WAISBERG20251,0.0,1
WAKEFIELD2025104694,0.0,1
WAKEMAN2024,0.0,1
WALDOCK2024,0.9262,8
WALLER2025102227,0.0,1
WALTERS2024S626,1.1575,439
WALUYO2024101146,0.0,1
WAMBATAGUIMDJE2024,0.0,1
WAN2025102703,0.0,1
WAN202540,0.0,1
WANG2023100516,1.2836,534
WANG2023109342,0.185,2
WANG2023109593,0.0,1
WANG2024,0.502,10
WANG2024100181,0.7396,25
WANG2024100247,0.9514,22
WANG2024100326,0.8267,33
WANG2024100564,1.5159,359
WANG2024100987,0.0,1
WANG2024101302,1.919,360
WANG2024101440,0.0,1
WANG2024101486,1.7227,361
WANG2024102744,0.758,20
WANG2024102809,0.0,1
WANG2024103365,0.0,1
WANG2024103508,0.0,1
WANG2024103533,0.83,8
WANG2024103861,0.0,1
WANG2024104133,0.0,1
WANG2024105965,0.85,20
WANG2024107231,0.0,1
WANG2024107847,0.0,1
WANG20241089,0.7762,8
WANG2024109476,0.0,1
WANG202415,0.0,1
WANG2024159,0.0,1
WANG2024235417,0.0,1
WANG2024261,0.0,1
WANG2024333,0.6437,8
WANG202434,0.0,1
WANG20243891,0.0,1
WANG2025,0.675,14
WANG2025100198,0.5567,6
WANG2025100232,0.0,1
WANG2025100274,0.0,1
WANG2025100449,0.0,1
WANG2025100996,0.58,8
WANG2025101018,0.0,1
WANG2025101120,0.0,1
WANG2025101606,0.0,1
WANG2025101729,0.0,1
WANG2025102182,0.0,1
WANG2025102339,0.6362,8
WANG2025102352,0.5125,8
WANG2025102835,0.0,1
WANG2025102898,0.595,10
WANG2025102901,0.0,1
WANG2025102933,0.0,1
WANG2025103034,0.0,1
WANG2025103756,0.7258,12
WANG2025103791,0.6115,13
WANG2025103857,0.5864,14
WANG2025103888,0.7983,6
WANG2025104272,0.0,1
WANG2025104539,0.0,1
WANG2025104834,0.0,1
WANG2025105091,0.5467,6
WANG2025105250,0.0,1
WANG2025105486,0.0,1
WANG2025106215,0.0,1
WANG2025108658,0.0,1
WANG2025108761,0.0,1
WANG2025111077,0.0,1
WANG2025111363,0.0,1
WANG2025112115,0.0,1
WANG2025112481,0.24,2
WANG2025112626,0.83,7
WANG2025113542,0.688,5
WANG2025114401,0.0,1
WANG2025116151,0.0,1
WANG2025116467,0.0,1
WANG2025119,0.0,1
WANG20251238,0.6715,13
WANG2025125577,0.0,1
WANG2025157118,0.0,1
WANG2025177572,0.0,1
WANG2025181022,0.0,1
WANG2025200315,0.7622,9
WANG20252031,1.0232,53
WANG20252601,0.83,8
WANG2025273,0.0,1
WANG2025280,0.0,1
WANG202538,0.7775,8
WANG2025383,0.0,1
WANG2025566,0.7786,7
WANG2025990,0.495,8
WANG2026101985,0.0,1
WANG2026103082,0.0,1
WANG2026103451,0.0,1
WANG2026103581,0.0,1
WANG2026103639,0.0,1
WANG2026116280,0.0,1
WAQARAKRAM2025113777,0.0,1
WAQAS2023100255,0.97,8
WARD2024e273,0.0,1
WASILEWSKI2025104012,0.0,1
WASSENAAR2024100766,0.0,1
WATANABE2025100011,0.0,1
WATANABE2025100955,0.0,1
WATARI2023,0.0,1
WATSON2025e218,0.0,1
WAZIIROH2025117263,0.0,1
WEBB2025105835,0.0,1
WEERAWANICH2024113246,0.0,1
WEETS2025127121,0.0,1
WEHNER2025111395,0.0,1
WEI2023103808,0.25,2
WEI2024105022,1.9112,229
WEI2024106042,0.0,1
WEI2025103954,0.0,1
WEI2025105356,0.0,1
WEI2025106192,0.0,1
WELDEMIKAEL2024100205,0.0,1
WELHAF2024244,0.0,1
WELLS202511,0.0,1
WEN2025,0.355,4
WEN2025101010,0.68,5
WENG2024100315,0.0,1
WENGREEN2024A70,1.1785,439
WESTBY2024100101,0.0,1
WEUTHEN2025,0.0,1
WHEATLEY2024102942,0.7238,8
WHEATLEY2025286,0.9629,7
WHEELER2025102401,1.1577,13
WHITE2024S83,1.5277,110
WHITE2025452,1.0617,109
WIBOWO20258,0.0,1
WIEDENMANN2024100591,0.0,1
WILK2025110167,0.0,1
WILKHO2024102293,0.0,1
WILL2025,0.0,1
WILLERMARK2025101893,0.0,1
WILLIAMS2024102879,0.0,1
WILLIAMS2025111217,0.0,1
WILLIAMS2025144,0.0,1
WILLIAMS20254679,0.0,1
WILLIAMS2025S302,0.0,1
WILLS2025103108,0.0,1
WINBERG202521,0.0,1
WINNIFRITH2024102794,1.1994,442
WISS2025100752,0.0,1
WLOCH2025102782,0.0,1
WOBST2025115571,0.0,1
WOLF2024102821,0.0,1
WONG2023253,0.0,1
WONG2024100278,0.0,1
WONG2025725,1.3241,69
WONGVIBULSIN2025,0.0,1
WOO2025105447,1.4712,58
WOOD2025100232,0.0,1
WOODCOCK2024100171,0.0,1
WOOLFORD2024927,0.0,1
WOON2025100708,0.0,1
WORKUM2026155262,0.0,1
WOSNY2024,0.0,1
WU20240160,0.0,1
WU2024100056,0.0,1
WU2024102756,0.0,1
WU2024103750,0.0,1
WU2024105033,0.0,1
WU2024108825,0.0,1
WU2024114776,0.0,1
WU2024219,0.23,2
WU20243481,0.47,4
WU2024S6,1.242,214
WU2025,0.245,2
WU2025100123,0.0,1
WU2025102134,0.0,1
WU2025103111,0.0,1
WU2025105119,0.0,1
WU2025105989,0.0,1
WU2025106088,0.25,2
WU2025190,0.0,1
WU2025691,0.245,2
WULFERT2024104035,0.0,1
WUNSCHNAGY2025102909,0.0,1
WUYTS2024998,0.0,1
WYATT2024201,0.1,2
WYATT2024245,1.4378,330
WYATT202583,0.0,1
XIA2024104040,0.0,1
XIA2024112426,0.4433,3
XIA2025100455,0.2967,3
XIA2025105629,0.0,1
XIA2025106024,0.0,1
XIA2026105465,0.0,1
XIAO20232973,0.0,1
XIAO2024102679,0.0,1
XIAO2024104125,0.0,1
XIAO2024105874,0.0,1
XIAO2024114691,0.0,1
XIAO2025,0.0,1
XIAO2025102835,0.0,1
XIAO2025103790,0.0,1
XIAO2025105414,0.0,1
XIAO2025106183,0.0,1
XIAO2025118310,0.0,1
XIAOYU2025165,0.57,9
XIE2025115507,0.245,2
XIN2024104669,0.0,1
XING2024740,0.0,1
XIONG2025104241,0.0,1
XOMPERO2025100159,0.0,1
XU2024102518,0.0,1
XU2024172656,0.0,1
XU2024703,1.125,18
XU2024e32364,1.1526,77
XU2025,0.0,1
XU2025100135,0.0,1
XU2025100205,0.0,1
XU2025101227,0.0,1
XU2025104006,0.25,2
XU2025106006,0.0,1
XU2025112515,0.235,2
XU2025113187,0.0,1
XU2025121889,0.0,1
XU2025126585,0.0,1
XU2026105304,0.0,1
XUE2025102094,0.0,1
XUE2025131581,0.0,1
XYLOGIANNOPOULOS2024103842,0.25,2
XYLOGIANNOPOULOS2025114151,0.0,1
YAHAVDOVRAT2025107093,1.091,21
YAHOO2024e30157,0.0,1
YAKOB2025943,0.25,2
YAMAGUCHI2023121,0.0,1
YAMAMOTO2024,0.0,1
YAN2024103867,0.0,1
YAN2024109407,0.0,1
YAN2025,0.0,1
YAN2025100465,0.0,1
YAN2025104388,0.0,1
YAN2025105322,0.0,1
YAN2025114498,0.0,1
YAN2025117950,0.0,1
YAN2025620,0.0,1
YANG2024,0.3233,3
YANG2024100085,0.5583,6
YANG2024100309,0.4717,6
YANG2024102885,0.0,1
YANG2024113005,0.0,1
YANG2024125211,0.0,1
YANG2024127811,0.0,1
YANG2024167263,0.4,6
YANG202497,0.0,1
YANG2025,0.34,4
YANG20251,0.0,1
YANG2025100473,0.0,1
YANG2025100599,0.5486,7
YANG2025101038,0.0,1
YANG2025102136,0.494,5
YANG2025102501,0.0,1
YANG2025102560,0.0,1
YANG2025103375,0.5875,4
YANG2025103431,0.0,1
YANG2025104877,0.3883,6
YANG2025104980,0.0,1
YANG2025112996,0.0,1
YANG2025115786,0.0,1
YANG2025116061,0.0,1
YANG20251673,0.0,1
YANG202523,0.3857,7
YAO2024102625,0.0,1
YAO20241037,0.0,1
YAO2024e33531,0.0,1
YAO2024S63,1.6696,440
YAO2025,0.0,1
YAO2025106026,0.0,1
YAO2025113333,0.0,1
YARUR2025S-864,1.1267,12
YASSIN2025102284,1.1173,63
YATES20251,0.0,1
YAU2024,0.0,1
YAU2025130847,0.0,1
YAVUZ2025106108,0.0,1
YE2024,0.49,3
YE2024102851,0.465,4
YE2024129854,0.0,1
YE2025379,0.0,1
YEUNG2025101203,0.0,1
YEUNG2025103082,0.0,1
YI202335,0.0,1
YI2024448,0.0,1
YI2025,0.0,1
YI2025112895,0.0,1
YILDIZ2025100694,0.165,2
YILMAZ2023100005,0.0,1
YILMAZ2023100147,0.16,2
YILMAZ2025908,0.0,1
YIM2024,0.0,1
YIN2024,0.0,1
YIN2024108417,0.0,1
YIN2025,0.0,1
YIN2025100227,0.0,1
YIN2025105434,0.0,1
YIN2025135,0.0,1
YIN2025623,0.0,1
YINGENG2024100664,0.0,1
YOCKEL2024e827,1.9472,418
YOGARATNAM2025100226,1.1256,101
YOKOYAMA2024121890,0.0,1
YOON2025112802,0.0,1
YOON202597,0.0,1
YOSHIOKA2025116217,0.0,1
YOU2025932,0.0,1
YOUNG2024108664,0.0,1
YOUNG2025200,1.1481,63
YOW202516,0.0,1
YU2024100178,0.0,1
YU2024101551,0.0,1
YU2024108870,1.2329,28
YU2024115069,0.0,1
YU2024e24289,2.1921,66
YU2025100172,0.0,1
YU2025100470,0.0,1
YU2025107802,0.0,1
YU2025107880,0.32,3
YU2025116636,0.0,1
YU2025119262,0.0,1
YU2025147,0.0,1
YU2025156006,0.0,1
YUAN2024e1115,0.0,1
YUAN2025113645,0.0,1
YUAN20251146,0.0,1
YUAN2025133784,0.0,1
YUAN2025298,0.0,1
YUE2025,0.0,1
YUE2025106390,0.0,1
YUE2025109945,0.0,1
YUE2025128816,0.0,1
YUN2025118961,0.0,1
YUNG2025,0.0,1
YUSUF2024101619,0.0,1
ZAFAR2025100802,0.0,1
ZAHRA2024111270,0.0,1
ZAKARIA2025100299,0.0,1
ZALAN2023100059,0.0,1
ZAMBRANO2025126440,0.0,1
ZAMORA2025103161,0.0,1
ZAMPRONI2025111328,0.0,1
ZANDABAD20244873,0.0,1
ZAPHIR2025107750,0.0,1
ZARCHI2025113698,0.0,1
ZAREIE2024105032,0.0,1
ZAREZADEH2023101140,0.0,1
ZARGHAM2025,0.0,1
ZBOINSKA2025105947,0.0,1
ZENG2024S985,1.5849,445
ZENG2025102631,0.0,1
ZENG2025109221,0.0,1
ZENG2025117925,0.0,1
ZENG2025120578,0.0,1
ZERR20241040,0.4733,3
ZHAI2025132773,0.0,1
ZHANG20232061,0.0,1
ZHANG2024,0.8181,32
ZHANG2024100115,0.0,1
ZHANG2024100286,1.0453,34
ZHANG2024103140,0.0,1
ZHANG2024103501,0.0,1
ZHANG2024103549,0.0,1
ZHANG2024103651,0.0,1
ZHANG2024104911,0.0,1
ZHANG2024106553,0.59,5
ZHANG2024130569,0.0,1
ZHANG2024151008,0.0,1
ZHANG2024274,0.0,1
ZHANG20243166,0.22,2
ZHANG2024690,0.7676,38
ZHANG2024845,0.0,1
ZHANG2024963,1.7439,107
ZHANG2024e40557,1.845,329
ZHANG2025,0.0,1
ZHANG2025100040,0.4858,19
ZHANG2025100115,0.6271,14
ZHANG2025100385,0.758,5
ZHANG2025100579,0.0,1
ZHANG2025100687,0.0,1
ZHANG2025100767,0.5594,16
ZHANG2025100777,0.6225,4
ZHANG2025100978,0.838,10
ZHANG2025101392,1.2476,17
ZHANG2025102020,0.0,1
ZHANG2025102092,0.0,1
ZHANG2025102312,0.0,1
ZHANG2025102313,0.0,1
ZHANG2025102773,0.0,1
ZHANG2025103023,0.4533,3
ZHANG2025103046,0.0,1
ZHANG2025103689,0.0,1
ZHANG2025103746,0.9164,14
ZHANG2025104413,0.0,1
ZHANG2025104533,0.0,1
ZHANG2025104596,0.6429,14
ZHANG2025105002,0.0,1
ZHANG2025105086,0.886,10
ZHANG2025105449,0.935,14
ZHANG2025106761,0.8707,14
ZHANG2025107426,0.0,1
ZHANG2025107596,0.0,1
ZHANG2025107611,0.0,1
ZHANG2025108457,0.0,1
ZHANG2025109253,0.0,1
ZHANG2025109750,0.0,1
ZHANG2025110693,0.0,1
ZHANG2025111013,0.0,1
ZHANG2025111155,0.0,1
ZHANG2025112484,0.0,1
ZHANG2025114521,0.742,5
ZHANG2025115116,0.5517,6
ZHANG2025118894,0.0,1
ZHANG2025124442,0.5675,4
ZHANG2025125059,0.4838,21
ZHANG2025125961,0.0,1
ZHANG2025127587,0.0,1
ZHANG2025129316,0.0,1
ZHANG2025129645,0.461,20
ZHANG2025136,0.0,1
ZHANG2025139187,0.0,1
ZHANG20252238,0.56,17
ZHANG2025226,0.0,1
ZHANG2025270,0.0,1
ZHANG2025309,0.25,2
ZHANG2025346,0.0,1
ZHANG202586,0.5636,14
ZHANG2025S-318,1.3087,106
ZHANG2026101984,0.0,1
ZHANG2026103139,0.0,1
ZHANG2026104392,0.0,1
ZHANG2026104452,0.0,1
ZHAO2024106001,0.0,1
ZHAO2024108634,0.0,1
ZHAO2024109516,0.0,1
ZHAO2024109536,0.165,2
ZHAO2024109964,0.0,1
ZHAO2024191,1.2791,440
ZHAO2025,0.0,1
ZHAO2025100497,0.245,2
ZHAO2025101167,0.0,1
ZHAO2025102164,0.0,1
ZHAO2025102299,0.2933,3
ZHAO2025102829,0.0,1
ZHAO2025103055,0.3425,4
ZHAO2025103280,0.0,1
ZHAO2025105660,0.0,1
ZHAO2025108654,0.5262,8
ZHAO2025253,0.0,1
ZHAO2026103554,0.0,1
ZHAO2026411,0.0,1
ZHENG20241,0.0,1
ZHENG2024100223,0.0,1
ZHENG2024100271,0.0,1
ZHENG2025100888,0.0,1
ZHENG2025100990,0.0,1
ZHENG2025101402,0.0,1
ZHENG2025110722,0.0,1
ZHENG2025111,0.0,1
ZHENG2025113524,0.0,1
ZHENG20251139,0.25,2
ZHENG2025114041,0.0,1
ZHENG2025179,0.0,1
ZHENG20252951,0.0,1
ZHENG20255635,0.48,3
ZHI2025,0.0,1
ZHONG2024107479,0.0,1
ZHONG2024110163,0.0,1
ZHONG2025108611,0.0,1
ZHONG2025147694,0.0,1
ZHONG202548,0.0,1
ZHOU2023100757,0.0,1
ZHOU2024105287,0.0,1
ZHOU2024117951,0.0,1
ZHOU202414702,0.6527,11
ZHOU2024153,0.0,1
ZHOU2024867,0.9385,13
ZHOU2025100982,0.48,3
ZHOU2025101135,0.25,2
ZHOU2025102179,0.0,1
ZHOU2025102508,0.48,3
ZHOU2025102519,0.0,1
ZHOU2025103953,0.4133,3
ZHOU2025104093,0.0,1
ZHOU2025104431,0.0,1
ZHOU2025104526,0.0,1
ZHOU2025109721,0.0,1
ZHOU2025110090,0.4933,3
ZHOU2025111937,0.0,1
ZHOU2025115047,0.0,1
ZHOU2025132918,0.4533,3
ZHOU20252375,0.0,1
ZHOU202585,0.0,1
ZHOU2026103087,0.0,1
ZHOU2026109,0.0,1
ZHU2024,0.8311,9
ZHU2024100138,0.9433,9
ZHU2024100597,0.0,1
ZHU2024101676,0.0,1
ZHU2024103800,0.0,1
ZHU2024114132,1.2771,437
ZHU2024114174,1.5681,438
ZHU2025,0.0,1
ZHU2025101040,0.0,1
ZHU2025101936,0.0,1
ZHU2025103412,0.0,1
ZHU2025103995,0.0,1
ZHU2025105204,0.0,1
ZHU2025106855,0.235,2
ZHU2025345,0.0,1
ZHUANG2024102122,0.0,1
ZHUANG2025112143,0.0,1
ZHUKOVA2025100950,0.0,1
ZONG2024,0.0,1
ZOU2025101521,0.0,1
ZOU2025102158,0.0,1
ZOU2025103940,0.0,1
ZOU2025112314,0.0,1
